,gender_Gender queer or gender fluid,gender_Man,gender_Non-binary or not exclusively man or woman,gender_Woman,sex_assigned_at_birth_Female,sex_assigned_at_birth_Male,sex_assigned_at_birth_Prefer not to say,race_ethnicity_African-American/Black,race_ethnicity_Asian,race_ethnicity_Caucasian/White,"race_ethnicity_Caucasian/White,African-American/Black","race_ethnicity_Caucasian/White,American Indian/Alaska National","race_ethnicity_Caucasian/White,Asian",handedness_Both,handedness_Left,handedness_Right,occupation_Architecture/Engineering,occupation_Building/Ground Cleaning and Maintenance,occupation_Caretaking/Stay at Home Parent,occupation_Community and Social Services,occupation_Computer/Mathematical,occupation_Construction,"occupation_Education, Training, Library",occupation_Farming/Fishing/Forestry,occupation_Food Preparation/Serving,occupation_Healthcare/Medical,occupation_Installation/Maintenance/Repair,occupation_Legal,occupation_Office and Administrative Support,occupation_Sales/Marketing,occupation_Student,occupation_Transportation,occupation_Unemployed,driving_time_30 minutes or less,driving_time_30-60 minutes,driving_time_60+ minutes,sun_exposure_1 hour,sun_exposure_2 hours,sun_exposure_3 hours,sun_exposure_4 hours,sun_exposure_5+ hours,sun_exposure_less than 30 minutes,sunscreen_use_Almost always,sunscreen_use_Never,sunscreen_use_Rarely,sunscreen_use_Sometimes,"region_Midwest (ND, SD, NE, KS, MN, IA, MO, WI, IL, IN, MI, OH)","region_Noncontiguous (HI, AK)","region_Northeast (PA, NY, NJ, RI, CT, MA, VT, NH, ME)",region_Other,"region_Pacific (WA, OR, CA)","region_Rocky Mountains (ID, MT, WY, NV, UT, CO)","region_Southeast (AR, LA, MS, TN, KY, WV, VA, NC, SC, GA, AL, FL, DL, MD, DC)","region_Southwest (AZ, NM, TX, OK)",relative_redness_std,GLCM_SumEntropy_Mean_wrinkles_pyfeats,skin_folds_hessian,correlation_scikit,lbp_6,lbp_5,lbp_4,lbp_3,Age
0,False,False,False,True,True,False,False,False,False,True,False,False,False,False,True,False,False,False,False,False,False,False,False,False,False,True,False,False,False,False,False,False,False,True,False,False,False,False,False,False,False,True,False,True,False,False,True,False,False,False,False,False,False,False,83.61418037733749,6.830409192409106,131739,0.7355452895228906,0.0164670291985106,0.0265536641611377,0.0227503166904621,0.0133633314436885,25
1,False,False,False,True,True,False,False,False,False,True,False,False,False,False,False,True,False,False,False,False,False,False,True,False,False,False,False,False,False,False,False,False,False,True,False,False,False,False,False,False,False,True,False,False,True,False,False,False,False,False,False,False,True,False,73.70324383513211,7.177470536424542,146934,0.8860294364567254,0.0256146102345259,0.0448767662929369,0.0394706107751742,0.0209969549162257,95
2,False,True,False,False,False,True,False,False,False,True,False,False,False,False,True,False,False,False,False,False,False,False,True,False,False,False,False,False,False,False,False,False,False,False,True,False,False,False,False,False,False,True,False,True,False,False,True,False,False,False,False,False,False,False,91.8982323367125,6.540992879910101,141381,0.5167249233930815,0.0376050240054869,0.0615917020100221,0.0483715155300803,0.0277335985834663,70
3,False,False,False,True,True,False,False,False,False,True,False,False,False,False,False,True,False,False,False,False,False,False,True,False,False,False,False,False,False,False,False,False,False,True,False,False,True,False,False,False,False,False,True,False,False,False,True,False,False,False,False,False,False,False,72.4023792802004,7.018241443778477,117376,0.7110920491853014,0.0256573951597099,0.0457969839170236,0.0404332579225105,0.0209936469443744,80
4,False,True,False,False,False,True,False,False,False,True,False,False,False,False,False,True,False,False,False,False,False,False,True,False,False,False,False,False,False,False,False,False,False,True,False,False,True,False,False,False,False,False,False,False,True,False,True,False,False,False,False,False,False,False,93.01722756836683,7.247331881445715,146604,0.7130059400327713,0.0380449569230984,0.0647001020058229,0.0592620149911816,0.0332874919515131,95
5,False,False,False,True,True,False,False,False,False,True,False,False,False,False,False,True,False,False,False,False,False,False,False,False,False,False,False,False,True,False,False,False,False,False,True,False,True,False,False,False,False,False,False,True,False,False,True,False,False,False,False,False,False,False,83.45182638586891,7.023120675701408,151571,0.6174216634046753,0.0320590041572184,0.058164752526525,0.0505035990733742,0.0257684992721368,95
6,False,False,False,True,True,False,False,False,False,True,False,False,False,False,False,True,False,False,False,False,False,False,False,False,True,False,False,False,False,False,False,False,False,True,False,False,False,False,False,False,False,True,False,False,False,True,True,False,False,False,False,False,False,False,86.59856121089206,6.777213048756001,143809,0.5918637003443873,0.029683497627446,0.0516745664315108,0.0411710723384003,0.0220449805436577,90
7,False,True,False,False,False,True,False,False,False,True,False,False,False,False,False,True,True,False,False,False,False,False,False,False,False,False,False,False,False,False,False,False,False,True,False,False,False,True,False,False,False,False,False,False,True,False,True,False,False,False,False,False,False,False,86.38418094329104,6.676056604247652,147079,0.5320565524583667,0.0339723788177822,0.0543048688096637,0.0442019400352733,0.0252758575137874,80
8,False,True,False,False,False,True,False,False,False,True,False,False,False,False,False,True,False,True,False,False,False,False,False,False,False,False,False,False,False,False,False,False,False,False,True,False,False,False,True,False,False,False,False,True,False,False,True,False,False,False,False,False,False,False,84.02095628795612,7.228016098296642,139121,0.6598683847214639,0.0342546226309453,0.0635645654866885,0.0552280390036673,0.0281611744492035,90
9,False,False,False,True,True,False,False,False,False,True,False,False,False,False,False,True,False,False,False,False,False,False,False,False,False,True,False,False,False,False,False,False,False,True,False,False,False,False,False,False,False,True,False,False,True,False,True,False,False,False,False,False,False,False,98.13206768490046,6.977782277812819,134139,0.8235276365837204,0.0276574878922762,0.0468211976148484,0.0413933899176954,0.023174174505193,85
10,False,False,False,True,True,False,False,False,False,True,False,False,False,False,False,True,False,False,False,False,False,False,False,False,False,False,False,False,True,False,False,False,False,True,False,False,True,False,False,False,False,False,False,True,False,False,True,False,False,False,False,False,False,False,90.66289048556602,7.19957959966804,146808,0.7441813212924383,0.0257101040004479,0.0433585985834663,0.0400203355519162,0.0215840515733042,90
11,False,False,False,True,True,False,False,False,False,True,False,False,False,False,False,True,False,False,False,False,False,False,False,False,False,False,False,False,True,False,False,False,False,False,True,False,False,False,False,False,False,True,False,True,False,False,True,False,False,False,False,False,False,False,92.64627944536149,7.001395811943302,160889,0.6136363135466607,0.0273467025699168,0.0480681663097337,0.0443035303113014,0.0239175659975924,95
12,False,False,False,True,True,False,False,False,False,True,False,False,False,False,True,False,False,False,False,False,False,False,False,False,False,True,False,False,False,False,False,False,False,True,False,False,True,False,False,False,False,False,False,True,False,False,True,False,False,False,False,False,False,False,86.41782928770951,6.159564549875165,140002,0.5463322525579044,0.0238565462193107,0.0387393576257663,0.0293886780535259,0.0158238063744016,30
13,False,True,False,False,False,True,False,False,False,True,False,False,False,False,False,True,False,False,False,False,True,False,False,False,False,False,False,False,False,False,False,False,False,False,True,False,False,False,False,False,False,True,False,True,False,False,False,False,False,False,True,False,False,False,84.25852672150106,7.547696218337068,141654,0.6733577702599004,0.0360738431174939,0.0643356236527532,0.0557351155482769,0.0295374000937823,90
14,False,False,False,True,True,False,False,False,False,True,False,False,False,False,False,True,False,False,False,False,False,False,True,False,False,False,False,False,False,False,False,False,False,True,False,False,False,False,False,False,False,True,False,True,False,False,True,False,False,False,False,False,False,False,82.75898893760663,7.232555939564907,130119,0.7065176351206697,0.0240386213641835,0.0415967891786344,0.0384980123736737,0.0214329237353377,90
15,False,True,False,False,False,True,False,False,False,True,False,False,False,False,False,True,False,False,False,False,False,False,True,False,False,False,False,False,False,False,False,False,False,True,False,False,True,False,False,False,False,False,False,False,True,False,True,False,False,False,False,False,False,False,83.77836329769445,7.779128721650169,159350,0.7598616597413053,0.0288214565661655,0.0502664092900534,0.0464661237437361,0.0251881552518126,90
16,False,True,False,False,False,True,False,False,False,True,False,False,False,False,False,True,True,False,False,False,False,False,False,False,False,False,False,False,False,False,False,False,False,True,False,False,True,False,False,False,False,False,False,False,True,False,False,False,False,False,False,False,True,False,88.29720230616351,6.643879069750645,156231,0.5445802524507313,0.0436066144564821,0.0719055755018056,0.0572774505892892,0.0317114757425604,80
17,False,True,False,False,False,True,False,False,False,True,False,False,False,False,False,True,False,False,False,False,False,False,False,False,False,False,False,True,False,False,False,False,False,True,False,False,False,True,False,False,False,False,False,True,False,False,True,False,False,False,False,False,False,False,92.51639604092276,7.173341557152507,139281,0.7260704220387622,0.0343564316158562,0.0545272957434002,0.0488364906147644,0.0292514382296128,90
18,False,True,False,False,False,True,False,False,False,True,False,False,False,False,False,True,False,False,False,False,False,False,True,False,False,False,False,False,False,False,False,False,False,True,False,False,False,False,False,False,False,True,False,False,True,False,True,False,False,False,False,False,False,False,87.06802383037657,7.09620074663861,145275,0.6611995457556092,0.0384924352971641,0.0682542307046275,0.0560037994107107,0.0287211785434338,95
19,False,False,False,True,True,False,False,True,False,False,False,False,False,False,False,True,False,False,False,False,False,False,False,False,False,True,False,False,False,False,False,False,False,True,False,False,False,False,False,False,False,True,False,True,False,False,True,False,False,False,False,False,False,False,61.85556376179972,7.858968862230094,317597,0.9438323062461986,0.0137647989365499,0.019310627414546,0.0176386526832955,0.0119601225907029,45
20,False,True,False,False,False,True,False,False,True,False,False,False,False,False,False,True,False,False,False,False,True,False,False,False,False,False,False,False,False,False,False,False,False,True,False,False,True,False,False,False,False,False,False,False,True,False,True,False,False,False,False,False,False,False,82.99236475790771,6.711671124249982,178055,0.946669646438791,0.0145719167296548,0.0182456518487024,0.0164624636505836,0.0130616772171831,25
21,False,False,False,True,True,False,False,False,False,False,False,False,False,False,False,True,False,False,False,False,False,False,False,False,False,True,False,False,False,False,False,False,False,False,True,False,False,False,True,False,False,False,False,True,False,False,False,False,False,True,False,False,False,False,78.75210023133853,7.138327857696304,152560,0.9625177402240244,0.0118734318573108,0.0144571765820525,0.0133320013962375,0.0106500837217603,0
22,False,False,False,True,True,False,False,False,False,True,False,False,False,False,False,True,False,False,False,False,False,False,False,False,False,True,False,False,False,False,False,False,False,True,False,False,True,False,False,False,False,False,False,True,False,False,True,False,False,False,False,False,False,False,78.16995607871843,7.441073672060059,139548,0.9659774411659668,0.0148638930880994,0.0215034026727975,0.0199177085957839,0.0127735556027966,65
23,False,True,False,False,False,True,False,False,False,True,False,False,False,False,False,True,False,False,False,False,False,False,False,False,False,True,False,False,False,False,False,False,False,True,False,False,False,False,False,False,False,True,False,True,False,False,True,False,False,False,False,False,False,False,87.66274318689507,7.151550276464276,195157,0.9251827583286826,0.0158159328546233,0.0230362785546317,0.0209242888899386,0.013903159643487,50
24,False,True,False,False,False,True,False,False,False,True,False,False,False,False,False,True,False,False,False,False,False,False,False,False,False,True,False,False,False,False,False,False,False,False,True,False,False,True,False,False,False,False,False,True,False,False,False,False,False,False,True,False,False,False,75.90000584396084,7.369836424312849,182609,0.9647169079219802,0.0140457851736373,0.017840657675107,0.0165250417296548,0.012536775898631,35
25,False,True,False,False,False,True,False,True,False,False,False,False,False,False,False,True,False,False,False,True,False,False,False,False,False,False,False,False,False,False,False,False,False,False,False,True,False,False,True,False,False,False,False,False,True,False,True,False,False,False,False,False,False,False,53.1097009340825,8.029357718714678,481942,0.9301680844510672,0.0130537216815738,0.0176505449787939,0.0160899477460737,0.0110375265075165,35
26,False,False,False,True,True,False,False,False,False,True,False,False,False,False,False,True,False,False,False,False,False,False,True,False,False,False,False,False,False,False,False,False,False,False,True,False,False,True,False,False,False,False,False,True,False,False,True,False,False,False,False,False,False,False,88.66704002900848,6.664222962583539,149313,0.9309810521000572,0.0129280734284454,0.0169539025100781,0.0155532361478542,0.0116617489974384,25
27,False,False,False,True,True,False,False,True,False,False,False,False,False,False,False,True,False,False,False,False,False,False,False,False,False,True,False,False,False,False,False,False,False,True,False,False,False,False,False,False,False,True,False,False,True,False,True,False,False,False,False,False,False,False,70.50075563162898,7.699239597088582,348580,0.956021471005373,0.0108591420750398,0.0145122912205005,0.0133922010162089,0.0097774352796674,25
28,False,False,False,True,True,False,False,False,False,False,False,False,False,False,False,True,False,False,False,False,False,False,False,False,False,True,False,False,False,False,False,False,False,True,False,False,False,False,False,False,False,True,False,False,True,False,True,False,False,False,False,False,False,False,81.55379614940385,6.8968426248976655,166826,0.9471662187155628,0.0126908836451247,0.0163920940675652,0.0146134167401528,0.0110752537897875,25
29,False,True,False,False,False,True,False,False,False,False,False,False,False,False,False,True,True,False,False,False,False,False,False,False,False,False,False,False,False,False,False,False,False,True,False,False,False,False,False,False,False,True,False,True,False,False,True,False,False,False,False,False,False,False,88.38968366565675,6.957261865463357,174984,0.9397520899214616,0.01543193473377,0.0212403779027042,0.0187753921012849,0.0135066951163181,20
30,False,False,False,True,True,False,False,False,False,True,False,False,False,False,True,False,False,False,False,False,False,False,False,False,False,True,False,False,False,False,False,False,False,True,False,False,False,False,False,False,False,True,False,False,True,False,True,False,False,False,False,False,False,False,86.54074830799598,6.638074637871137,166890,0.9027339529688884,0.0138202416383219,0.0195962885540018,0.0180334768938439,0.0123959547167632,30
31,False,True,False,False,False,True,False,False,False,True,False,False,False,False,False,True,False,False,False,False,False,False,False,False,False,True,False,False,False,False,False,False,False,True,False,False,False,False,False,False,False,True,False,True,False,False,True,False,False,False,False,False,False,False,65.69232317979619,7.752316725768021,165566,0.7531837060454807,0.0227464892850144,0.0352710721634332,0.0313433886929257,0.0182575988214215,30
32,False,True,False,False,False,True,False,True,False,False,False,False,False,False,False,True,False,False,False,False,False,False,False,False,False,True,False,False,False,False,False,False,False,True,False,False,True,False,False,False,False,False,False,False,False,True,True,False,False,False,False,False,False,False,74.73239417731595,7.70109300891988,263900,0.9558214795383996,0.0168850092120181,0.0230564544490635,0.021508815717645,0.0156897104906777,30
33,False,False,False,True,True,False,False,False,False,True,False,False,False,False,False,True,False,False,False,False,False,False,False,False,False,True,False,False,False,False,False,False,False,True,False,False,False,False,False,False,False,True,True,False,False,False,True,False,False,False,False,False,False,False,93.21485845750712,6.859645337403509,180093,0.6361924903483268,0.025930343845357,0.038445084824053,0.0334111718246969,0.0205810526371042,30
34,False,True,False,False,False,True,False,False,False,True,False,False,False,True,False,False,False,False,False,False,False,False,False,False,False,True,False,False,False,False,False,False,False,True,False,False,False,False,False,False,False,True,False,False,True,False,True,False,False,False,False,False,False,False,89.6750467756703,6.7441775192815445,166477,0.9478790183410328,0.01603917994667,0.0196474664325606,0.0174896299183253,0.0133871160346854,30
35,False,False,False,True,True,False,False,False,False,True,False,False,False,False,False,True,False,False,False,False,False,False,False,False,False,True,False,False,False,False,False,False,False,True,False,False,True,False,False,False,False,False,False,False,True,False,True,False,False,False,False,False,False,False,92.6969727228814,6.772147512132944,154389,0.7363326786006156,0.0179457199546485,0.0263002899204949,0.0228070716455306,0.0150424688908485,35
36,False,False,False,True,True,False,False,False,False,True,False,False,False,False,False,True,False,False,False,False,False,False,False,False,False,True,False,False,False,False,False,False,False,True,False,False,False,True,False,False,False,False,False,False,True,False,True,False,False,False,False,False,False,False,95.38224526322858,6.864175394033719,171182,0.9425769032644838,0.0156979120737801,0.019890315308222,0.0179895164084152,0.0137677515064667,30
37,False,True,False,False,False,True,False,False,False,True,False,False,False,False,False,True,False,False,False,False,False,False,False,False,False,True,False,False,False,False,False,False,False,True,False,False,True,False,False,False,False,False,False,True,False,False,True,False,False,False,False,False,False,False,97.21157403320414,6.876068536338753,160715,0.7436802915514856,0.0260998432294728,0.0396971931776825,0.0354038284552504,0.0216579751756669,35
38,False,True,False,False,False,True,False,False,False,True,False,False,False,False,False,True,False,False,False,False,False,False,False,False,False,True,False,False,False,False,False,False,False,True,False,False,True,False,False,False,False,False,True,False,False,False,True,False,False,False,False,False,False,False,89.6750467756703,6.7441775192815445,166477,0.9478790183410328,0.01603917994667,0.0196474664325606,0.0174896299183253,0.0133871160346854,30
39,False,True,False,False,False,True,False,False,False,True,False,False,False,False,False,True,False,False,False,False,False,False,False,False,False,True,False,False,False,False,False,False,False,True,False,False,True,False,False,False,False,False,False,False,True,False,True,False,False,False,False,False,False,False,94.11833986303024,6.956336029589992,237506,0.9153883040291512,0.0185968436371462,0.0255485874905517,0.023558309319098,0.0165743332441001,30
40,False,True,False,False,False,True,False,False,False,True,False,False,False,False,False,True,False,False,False,False,False,False,False,False,False,False,False,False,True,False,False,False,False,True,False,False,False,False,False,False,False,True,False,False,True,False,True,False,False,False,False,False,False,False,95.3235000396441,6.899260544112258,164811,0.5977588002156357,0.0263816496248705,0.042974764494275,0.0366824005836902,0.0214956931846812,40
41,False,False,False,True,True,False,False,False,False,True,False,False,False,False,False,True,False,False,False,False,False,False,False,False,False,True,False,False,False,False,False,False,False,True,False,False,True,False,False,False,False,False,True,False,False,False,True,False,False,False,False,False,False,False,77.59676282981854,6.65327252291687,139513,0.6455658610315035,0.0263368143039108,0.0446747886397357,0.0370989316508496,0.0202007178900366,65
42,False,False,False,True,True,False,False,False,False,True,False,False,False,False,False,True,False,False,False,False,False,False,False,False,False,True,False,False,False,False,False,False,False,False,True,False,False,True,False,False,False,False,False,False,True,False,True,False,False,False,False,False,False,False,90.03231262195331,7.180125235709965,156125,0.7850831571809441,0.0172386341367822,0.0282405657736345,0.0249816940665154,0.0142801590800929,40
43,False,True,False,False,False,True,False,False,False,True,False,False,False,False,False,True,False,False,False,False,False,False,False,False,False,False,False,False,False,True,False,False,False,True,False,False,False,False,False,False,True,False,True,False,False,False,False,False,False,False,False,False,True,False,78.42058742738155,7.332321987064663,144756,0.7217709820178628,0.0318227985638699,0.0559095358822541,0.0478064811315472,0.0248429232804232,65
44,False,False,False,True,True,False,False,False,False,True,False,False,False,False,False,True,False,False,False,False,False,False,False,False,False,False,False,False,False,True,False,False,False,False,False,True,True,False,False,False,False,False,False,False,False,True,True,False,False,False,False,False,False,False,83.62741052159991,7.755815028018739,137224,0.7948413219689202,0.0289502760980935,0.0485962389070854,0.0435247079798997,0.0234871469163797,75
45,False,False,False,True,True,False,False,False,False,True,False,False,False,False,False,True,False,False,False,False,False,False,False,False,False,False,False,False,False,True,False,False,False,False,True,False,False,True,False,False,False,False,True,False,False,False,True,False,False,False,False,False,False,False,70.02007215742707,7.250659979955124,130123,0.8169789673673249,0.0274063007404607,0.0493643445032333,0.0426998474286834,0.0214717445620223,70
46,False,True,False,False,False,True,False,False,False,True,False,False,False,False,False,True,False,False,False,False,False,False,False,False,False,True,False,False,False,False,False,False,False,True,False,False,False,False,False,False,False,True,False,False,True,False,True,False,False,False,False,False,False,False,92.63271224077891,6.091982076118391,152850,0.50795655787917,0.0222066064079952,0.0389425381778225,0.0284610243274264,0.0148398351109991,35
47,False,False,False,True,True,False,False,False,False,True,False,False,False,False,False,True,False,False,False,False,False,False,False,False,False,False,False,False,True,False,False,False,False,True,False,False,False,True,False,False,False,False,True,False,False,False,True,False,False,False,False,False,False,False,83.39444193393197,6.757919574822072,130626,0.7192009250122199,0.0309581329959967,0.0564030524761344,0.0464613121483161,0.0233537344979143,60
48,False,False,False,True,True,False,False,False,False,True,False,False,False,False,False,True,False,False,False,False,False,False,False,False,False,True,False,False,False,False,False,False,False,True,False,False,False,False,False,False,False,True,True,False,False,False,True,False,False,False,False,False,False,False,87.4150897010867,7.473647295563976,141799,0.8624382878095378,0.0227819201240166,0.0395396134276756,0.0356543594804176,0.0191316688712522,65
49,False,False,False,True,True,False,False,False,False,True,False,False,False,False,False,True,False,False,False,False,False,False,False,False,False,True,False,False,False,False,False,False,False,True,False,False,False,False,False,False,True,False,False,True,False,False,True,False,False,False,False,False,False,False,71.69178011076399,6.657712782914918,116647,0.7728531512183017,0.0233765895761596,0.0376069923854315,0.0307724491545589,0.0169075088883289,40
50,False,False,False,True,True,False,False,False,False,True,False,False,False,False,False,True,False,False,False,False,False,False,False,False,False,True,False,False,False,False,False,False,False,True,False,False,True,False,False,False,False,False,False,True,False,False,True,False,False,False,False,False,False,False,89.84911299751754,6.349222326305314,143822,0.5870951456805468,0.0248609667632485,0.0395564540116458,0.0316413795456454,0.017336834425128,25
51,False,True,False,False,False,True,False,False,False,True,False,False,False,False,True,False,False,False,False,False,False,False,False,True,False,False,False,False,False,False,False,False,False,True,False,False,True,False,False,False,False,False,True,False,False,False,True,False,False,False,False,False,False,False,77.33025376794511,7.19023597023695,146482,0.7545923254594045,0.03369100984015,0.0589744128103916,0.0500359994820973,0.0249263607191847,80
52,False,False,False,True,True,False,False,False,False,True,False,False,False,False,False,True,False,False,False,False,False,False,False,False,True,False,False,False,False,False,False,False,False,True,False,False,False,False,False,False,False,True,False,True,False,False,True,False,False,False,False,False,False,False,93.95783812949648,6.807043814961812,144809,0.5724694351793896,0.0257146968869852,0.0409115742490411,0.0335980585649897,0.0201947033957616,55
53,False,True,False,False,False,True,False,False,False,True,False,False,False,True,False,False,True,False,False,False,False,False,False,False,False,False,False,False,False,False,False,False,False,False,True,False,True,False,False,False,False,False,False,True,False,False,True,False,False,False,False,False,False,False,87.39587973985716,6.907687015021036,133965,0.6820955934447507,0.0286834512611629,0.04777706478682,0.0394220574032082,0.022076802686095,45
54,False,False,False,True,True,False,False,False,False,True,False,False,False,False,False,True,False,False,False,False,False,False,False,False,False,False,False,False,False,True,False,False,False,True,False,False,False,False,True,False,False,False,False,False,True,False,True,False,False,False,False,False,False,False,85.45287348864646,7.428655148622245,144276,0.7051887991880085,0.029647848079561,0.0529430779513451,0.0469733096427871,0.0246443356149043,85
55,False,False,False,True,True,False,False,False,False,True,False,False,False,False,False,True,False,False,False,False,False,False,False,False,False,True,False,False,False,False,False,False,False,True,False,False,True,False,False,False,False,False,False,False,True,False,True,False,False,False,False,False,False,False,76.49298948760813,7.244421037356876,136889,0.598185679928527,0.0308391553637916,0.0610741274390414,0.0533535945242294,0.0252102448489683,80
56,False,False,False,True,True,False,False,False,False,True,False,False,False,False,False,True,False,False,False,False,False,False,False,False,False,False,False,False,False,True,False,False,False,False,True,False,True,False,False,False,False,False,False,False,False,True,True,False,False,False,False,False,False,False,87.01035102612234,6.570161561063721,146144,0.5547192090067858,0.0202497086797682,0.0332544669102208,0.0280405565003779,0.0165381095853979,35
57,False,True,False,False,False,True,False,False,False,True,False,False,False,False,False,True,True,False,False,False,False,False,False,False,False,False,False,False,False,False,False,False,False,False,False,True,False,False,False,False,True,False,False,False,True,False,True,False,False,False,False,False,False,False,86.76502659971527,7.115994403623168,146097,0.6980986908004135,0.0175721651829456,0.0265794718092998,0.0237880903390162,0.0148690327468435,20
58,False,False,False,True,True,False,False,False,False,True,False,False,False,False,False,True,False,False,False,False,False,False,False,False,False,False,False,False,True,False,False,False,False,True,False,False,False,False,False,False,False,True,False,True,False,False,True,False,False,False,False,False,False,False,82.81625569814632,7.037292044870088,156433,0.6981190265495101,0.0223603587525545,0.0348733500601886,0.0284121428921362,0.0161652109403432,25
59,False,False,False,True,True,False,False,False,False,False,False,False,False,False,False,True,False,False,False,False,False,False,False,False,False,True,False,False,False,False,False,False,False,True,False,False,False,True,False,False,False,False,False,False,True,False,True,False,False,False,False,False,False,False,80.52918871796203,6.375053199292066,135184,0.6470442634267151,0.0227993074801937,0.0362538405279807,0.0292710126746171,0.0162148578567229,25
60,False,False,False,True,True,False,False,False,False,True,False,False,False,False,False,True,False,False,False,False,False,False,False,False,False,False,False,False,True,False,False,False,False,True,False,False,True,False,False,False,False,False,False,False,True,False,True,False,False,False,False,False,False,False,80.02445976138056,6.919073557779555,141345,0.6131290684710977,0.0234202219982643,0.0399119653005235,0.0344354948769631,0.0182918267615688,75
61,False,False,False,True,True,False,False,False,False,True,False,False,False,False,False,True,False,False,False,False,False,False,False,False,False,True,False,False,False,False,False,False,False,False,True,False,False,True,False,False,False,False,False,True,False,False,True,False,False,False,False,False,False,False,84.11027761067896,7.296081438978988,142283,0.8071105038634745,0.0171725840541978,0.028001954382576,0.0251237454858486,0.0150214728381064,45
62,False,False,False,True,True,False,False,False,False,True,False,False,False,False,False,True,False,False,False,False,False,False,False,False,False,True,False,False,False,False,False,False,False,False,True,False,False,True,False,False,False,False,False,False,True,False,True,False,False,False,False,False,False,False,76.20716242706676,7.507494535589179,187108,0.8915758434980819,0.0222491726242966,0.0400411949116066,0.035515233292391,0.0192712598156546,60
63,False,True,False,False,False,True,False,False,False,True,False,False,False,False,False,True,False,False,False,False,False,False,False,False,False,True,False,False,False,False,False,False,False,False,True,False,True,False,False,False,False,False,False,True,False,False,True,False,False,False,False,False,False,False,93.91109357707906,6.959064030235586,153635,0.6836536819599616,0.0310307443450631,0.0529347670138014,0.0463265874765544,0.0251943884549704,70
64,False,True,False,False,False,True,False,False,False,True,False,False,False,False,False,True,False,False,False,False,False,False,False,False,False,True,False,False,False,False,False,False,False,True,False,False,True,False,False,False,False,False,False,False,True,False,True,False,False,False,False,False,False,False,98.26832425996852,7.190811669005191,166572,0.7289093812004106,0.0255279195011337,0.0407801302105204,0.0356902277371854,0.0210500738361188,30
65,False,False,False,True,True,False,False,False,False,True,False,False,False,False,False,True,False,False,False,False,False,False,False,False,False,False,False,True,False,False,False,False,False,True,False,False,True,False,False,False,False,False,False,False,False,True,False,False,False,False,False,False,False,True,80.36819451963181,6.989237747997303,121474,0.6549492824070295,0.0240575396825396,0.043449581478682,0.0349983421866689,0.017827835866857,85
66,False,False,False,True,True,False,False,False,False,True,False,False,False,False,False,True,False,False,False,False,False,False,False,False,True,False,False,False,False,False,False,False,False,True,False,False,True,False,False,False,False,False,False,False,False,True,True,False,False,False,False,False,False,False,72.7987380383348,6.838007414114922,121650,0.9056809286069772,0.0276905129335684,0.0559338125682371,0.045882499090171,0.0221269963746815,65
67,False,True,False,False,False,True,False,False,False,True,False,False,False,False,False,True,False,False,False,False,False,False,False,False,False,False,False,False,False,False,False,True,False,False,False,True,False,False,False,True,False,False,False,False,False,True,True,False,False,False,False,False,False,False,98.08154251182172,7.075450486717013,137096,0.8788783948176325,0.022833863483665,0.0347147861202094,0.0313919420648918,0.0200472936088015,35
68,False,False,False,True,True,False,False,False,False,True,False,False,False,False,False,True,False,False,False,False,False,False,False,False,True,False,False,False,False,False,False,False,False,True,False,False,False,False,False,True,False,False,False,False,False,True,True,False,False,False,False,False,False,False,76.14321454516312,7.160397476758234,108965,0.8077267264315708,0.0294109863595644,0.0513632343369446,0.0443830309901738,0.0236251522213823,50
69,False,False,False,True,True,False,False,False,False,True,False,False,False,False,False,True,False,False,False,False,False,False,False,False,False,True,False,False,False,False,False,False,False,False,True,False,False,True,False,False,False,False,False,True,False,False,True,False,False,False,False,False,False,False,71.77749009170891,7.5169080420608125,123983,0.7901872408102478,0.0271680174127264,0.0474587340080064,0.0426608078931161,0.0225751308753954,75
70,False,True,False,False,False,True,False,False,False,False,False,False,False,False,False,True,False,False,False,False,False,False,False,False,False,False,False,False,False,True,False,False,False,True,False,False,False,False,True,False,False,False,False,True,False,False,False,False,False,False,False,False,False,True,71.77749009170891,7.5169080420608125,123983,0.7901872408102478,0.0271680174127264,0.0474587340080064,0.0426608078931161,0.0225751308753954,70
71,False,False,False,True,True,False,False,False,False,True,False,False,False,False,False,True,False,False,False,False,False,False,False,False,False,True,False,False,False,False,False,False,False,False,False,True,False,False,False,True,False,False,False,False,False,True,False,False,False,False,False,False,False,True,76.8814653193256,7.036509800333195,136302,0.7059366900988291,0.0286405843201478,0.0535498857464796,0.0457085161739592,0.0223522665238935,70
72,False,False,False,True,True,False,False,True,False,False,False,False,False,False,False,True,False,False,False,False,False,False,False,False,False,True,False,False,False,False,False,False,False,True,False,False,False,False,False,False,False,True,True,False,False,False,True,False,False,False,False,False,False,False,51.66013358075199,7.557183389733364,149457,0.725279580776272,0.0243827597911592,0.0404123712242098,0.0363179222306206,0.0194837901724475,45
73,False,False,False,True,True,False,False,False,False,True,False,False,False,False,False,True,False,False,False,False,False,False,False,False,False,True,False,False,False,False,False,False,False,False,True,False,False,False,False,False,False,True,False,False,True,False,True,False,False,False,False,False,False,False,79.87764972789152,7.120917233678648,138020,0.6093384691689662,0.0265991556087455,0.0499828532235939,0.0427504785350354,0.0213273966994205,65
74,False,False,False,True,True,False,False,False,False,True,False,False,False,False,False,True,False,False,False,False,False,False,False,False,False,True,False,False,False,False,False,False,False,True,False,False,True,False,False,False,False,False,False,False,True,False,True,False,False,False,False,False,False,False,86.14322278712332,6.939042375276257,121247,0.685865633680442,0.0269361859970325,0.0473889658744156,0.0412805361342067,0.0214728381064359,80
75,False,True,False,False,False,True,False,False,False,True,False,False,False,False,False,True,False,False,False,False,True,False,False,False,False,False,False,False,False,False,False,False,False,True,False,False,True,False,False,False,False,False,False,True,False,False,True,False,False,False,False,False,False,False,81.15143338221145,7.495495527978331,138182,0.7044723756330111,0.0345833420816886,0.0611588771310993,0.0511578666960611,0.0257385361552028,80
76,False,False,False,True,True,False,False,False,False,True,False,False,False,False,False,True,False,False,False,False,False,False,True,False,False,False,False,False,False,False,False,False,False,True,False,False,True,False,False,False,False,False,False,False,True,False,True,False,False,False,False,False,False,False,84.69906042287998,7.539469122300859,145489,0.8130580697890023,0.0288398281123148,0.0497679717463116,0.0447326371392178,0.0244104264648246,70
77,False,False,False,True,True,False,False,False,False,True,False,False,False,False,False,True,False,False,False,False,False,False,False,False,False,False,False,False,False,True,False,False,False,True,False,False,True,False,False,False,False,False,False,False,True,False,True,False,False,False,False,False,False,False,77.92076526529968,6.629018010575525,124208,0.7223500281415043,0.0230426211122309,0.0394396634682679,0.0321342400128775,0.0169385655496766,60
78,False,False,False,True,True,False,False,False,False,True,False,False,False,False,False,True,False,False,False,False,False,False,False,False,False,True,False,False,False,False,False,False,False,False,False,True,False,False,False,False,True,False,False,False,True,False,True,False,False,False,False,False,False,False,78.40664520559979,7.211044630025107,139355,0.753832842607674,0.020735570462753,0.0323833494303071,0.0288003511589821,0.0176361375311441,45
79,False,False,False,True,True,False,False,False,False,True,False,False,False,False,False,True,False,False,False,False,False,False,False,False,False,True,False,False,False,False,False,False,False,True,False,False,True,False,False,False,False,False,False,False,True,False,True,False,False,False,False,False,False,False,85.12391352060736,6.9103047853740645,147816,0.6320529079848609,0.0228510321309593,0.0375645628621819,0.0311882147406287,0.0162919527378852,25
80,False,False,False,True,True,False,False,False,False,True,False,False,False,False,False,True,False,False,False,False,False,False,False,False,False,False,False,False,False,True,False,False,False,True,False,False,False,False,False,False,False,True,False,True,False,False,True,False,False,False,False,False,False,False,93.6488727978184,6.995588709196388,149499,0.685349465810943,0.0245426359844349,0.0400432999846029,0.0349456333459309,0.0197780629741608,50
81,False,True,False,False,False,True,False,False,False,True,False,False,False,False,False,True,False,False,False,False,False,False,False,False,False,False,False,False,False,False,True,False,False,True,False,False,False,False,False,False,False,True,True,False,False,False,True,False,False,False,False,False,False,False,91.66879290178926,7.33547714471857,176283,0.7834622312544807,0.0208223978891968,0.0318729922524565,0.0290214658394221,0.0181923142199266,30
82,False,False,False,True,True,False,False,False,False,True,False,False,False,False,False,True,False,False,False,False,False,False,False,False,False,True,False,False,False,False,False,False,False,True,False,False,False,False,False,False,False,True,False,True,False,False,True,False,False,False,False,False,False,False,90.38772642624646,6.84494185339958,146182,0.7394006228938287,0.0218719818174183,0.0387385921446768,0.0348038006354805,0.0187448822121441,70
83,False,False,False,True,True,False,False,False,False,True,False,False,False,False,False,True,False,False,False,False,False,False,False,False,False,True,False,False,False,False,False,False,False,True,False,False,False,True,False,False,False,False,False,False,True,False,True,False,False,False,False,False,False,False,83.86291140775892,7.368280056446531,141413,0.7739450946241186,0.0256536771087035,0.0442381363553651,0.039832136558327,0.0218074626970129,70
84,False,False,False,True,True,False,False,False,False,True,False,False,False,False,True,False,False,False,False,False,False,False,False,False,False,True,False,False,False,False,False,False,False,True,False,False,False,False,False,False,False,True,False,False,False,True,False,False,False,True,False,False,False,False,81.06373536459938,6.70513137805491,118826,0.8119529547315143,0.0229006790473391,0.0363482134108787,0.0298888652683295,0.0158799052028218,40
85,False,False,False,True,True,False,False,False,False,True,False,False,False,False,False,True,False,False,False,False,False,False,False,False,False,False,False,False,True,False,False,False,False,False,True,False,False,False,True,False,False,False,False,False,True,False,True,False,False,False,False,False,False,False,75.65052284252589,6.937147404209444,117544,0.7238162710656038,0.0273395945312281,0.0496459321897483,0.0423581147994177,0.0207897009112286,60
86,False,True,False,False,False,True,False,False,False,True,False,False,False,False,False,True,False,False,False,False,False,False,False,False,False,False,False,False,True,False,False,False,False,False,False,True,False,True,False,False,False,False,False,True,False,False,True,False,False,False,False,False,False,False,90.0469618698982,7.164108851657539,147348,0.8021269411657647,0.0225040504885081,0.0383259978374065,0.0345488954326586,0.0190239547465076,55
87,False,False,False,True,True,False,False,True,False,False,False,False,False,False,False,True,False,False,False,False,False,False,False,False,False,False,False,False,True,False,False,False,False,True,False,False,False,False,False,False,False,True,False,False,True,False,True,False,False,False,False,False,False,False,64.74589608527882,7.603376661719347,165013,0.7139916817080517,0.0214374072674337,0.0352759931132947,0.0318371239956888,0.0177546777455838,50
88,False,False,False,True,True,False,False,False,False,True,False,False,False,False,False,True,False,False,False,False,False,False,True,False,False,False,False,False,False,False,False,False,False,True,False,False,True,False,False,False,False,False,False,False,True,False,True,False,False,False,False,False,False,False,75.0849456549602,6.8752331432736415,123279,0.7349304407138285,0.0232537845385067,0.0420994915455894,0.0365381620755298,0.0176061744142101,60
89,False,True,False,False,False,True,False,False,False,True,False,False,False,False,False,True,False,False,False,False,False,False,False,False,False,False,False,False,True,False,False,False,False,True,False,False,False,False,False,False,False,True,False,False,True,False,True,False,False,False,False,False,False,False,83.397213147194,6.769160212886884,133701,0.6628938625312265,0.0317741358374625,0.05085495489348,0.0434326315402704,0.0234368438733518,55
90,False,False,False,True,True,False,False,False,False,True,False,False,False,False,False,True,False,False,False,False,False,False,False,False,False,False,False,False,True,False,False,False,False,True,False,False,False,False,False,False,False,True,False,False,True,False,True,False,False,False,False,False,False,False,89.61425944932316,6.750892200870123,141182,0.7180102141404388,0.0275841110621203,0.045474169606114,0.0381683087329582,0.0209168801265362,60
91,False,True,False,False,False,True,False,False,False,True,False,False,False,False,False,True,False,False,False,False,False,False,False,False,False,False,False,False,False,False,True,False,False,True,False,False,False,True,False,False,False,False,False,False,True,False,True,False,False,False,False,False,False,False,91.3424005901517,6.917120046548193,142582,0.671918554311783,0.0235791140015677,0.0385241480851599,0.0337821020898071,0.0186105949581478,30
92,False,False,False,True,True,False,False,False,False,True,False,False,False,False,False,True,False,False,False,False,False,False,True,False,False,False,False,False,False,False,False,False,False,True,False,False,False,False,False,False,False,True,False,False,True,False,True,False,False,False,False,False,False,False,75.65052284252589,6.937147404209444,117544,0.7238162710656038,0.0273395945312281,0.0496459321897483,0.0423581147994177,0.0207897009112286,45
93,False,True,False,False,False,True,False,False,True,False,False,False,False,False,True,False,False,False,False,False,False,False,False,False,False,False,False,False,False,False,True,False,False,True,False,False,True,False,False,False,False,False,False,False,True,False,False,False,False,True,False,False,False,False,67.82212917683242,7.043037423232948,156520,0.7149765630318599,0.0216123743736177,0.0329115313821001,0.02939141191456,0.0174830413132331,25
94,False,True,False,False,False,True,False,False,False,True,False,False,False,False,False,True,False,False,False,False,False,False,False,False,False,False,False,False,False,False,True,False,False,True,False,False,False,True,False,False,False,False,False,True,False,False,False,False,True,False,False,False,False,False,91.8376188637519,7.100339175561216,188439,0.7009082973034391,0.02566220675513,0.0406456242476414,0.0357351724125864,0.0201042672727527,30
95,False,False,False,True,True,False,False,False,False,True,False,False,False,False,False,True,False,False,False,False,False,False,False,False,False,True,False,False,False,False,False,False,False,True,False,False,True,False,False,False,False,False,False,False,True,False,True,False,False,False,False,False,False,False,88.62747954300872,7.563654723555615,156928,0.943152367620396,0.0201998430545057,0.0309644208763752,0.0283843668640295,0.0180419245244394,70
96,False,False,False,True,True,False,False,False,False,False,False,False,False,False,False,True,False,False,False,False,False,False,False,False,False,False,False,False,False,False,True,False,False,True,False,False,False,False,False,False,False,True,True,False,False,False,False,False,False,False,True,False,False,False,85.07751951039093,6.843920583009949,166169,0.9375380665592774,0.0144766143340052,0.0199365722369194,0.0182427812946166,0.0129333224416309,40
97,False,True,False,False,False,True,False,False,False,True,False,False,False,False,False,True,False,False,False,False,False,False,True,False,False,False,False,False,False,False,False,False,False,True,False,False,False,False,False,True,False,False,True,False,False,False,False,False,True,False,False,False,False,False,89.41525655930498,7.222986312224782,182664,0.9336146434746196,0.0210438679715713,0.0287444163622239,0.0263586578535735,0.0189805136946754,65
98,False,True,False,False,False,True,False,False,False,True,False,False,False,False,False,True,False,False,False,False,False,False,False,False,False,True,False,False,False,False,False,False,False,True,False,False,False,False,False,False,False,True,False,False,True,False,True,False,False,False,False,False,False,False,87.88455294619268,7.26665830000784,212449,0.9399606476435572,0.0193490108234651,0.0286072858927521,0.0263713703073822,0.0173889964936591,50
99,False,True,False,False,False,True,False,False,False,True,False,False,False,False,False,True,False,False,False,False,False,False,False,False,False,False,False,False,False,False,True,False,False,True,False,False,True,False,False,False,False,False,False,True,False,False,True,False,False,False,False,False,False,False,95.00365856240072,6.887023518687598,166135,0.6693404031998728,0.0267841833235351,0.0402277809271856,0.0347797426583802,0.0219932558928921,25
100,False,False,False,True,True,False,False,False,False,True,False,False,False,False,False,True,False,False,False,False,False,False,False,False,False,False,False,False,False,False,True,False,False,True,False,False,False,False,False,False,False,True,False,False,True,False,False,False,False,False,False,False,False,True,90.67934828717826,6.563055682695623,146934,0.763573149244421,0.0164161793832759,0.0241339784370538,0.0211247629195711,0.0138419758335432,30
101,False,True,False,False,False,True,False,False,False,True,False,False,False,False,True,False,False,False,False,False,False,False,False,False,False,True,False,False,False,False,False,False,False,True,False,False,False,False,False,False,False,True,False,False,True,False,True,False,False,False,False,False,False,False,81.5181851873249,6.677262063523975,149426,0.6889447230283449,0.0289508228703003,0.0459901038604742,0.0367578551482321,0.0203725137174211,25
102,False,False,False,True,True,False,False,False,True,False,False,False,False,False,False,True,False,False,False,False,False,False,False,False,False,True,False,False,False,False,False,False,False,True,False,False,False,False,False,False,False,True,False,True,False,False,False,False,False,False,True,False,False,False,76.96791512409717,6.63678746064618,124730,0.7374623386813558,0.0198641249195151,0.033686526308054,0.0257274913566249,0.0132781443338652,35
103,False,True,False,False,False,True,False,False,False,True,False,False,False,False,False,True,False,False,False,False,False,False,False,False,False,False,False,False,False,False,True,False,False,True,False,False,True,False,False,False,False,False,True,False,False,False,True,False,False,False,False,False,False,False,95.27382217232442,7.02632436752241,151085,0.5965460928623065,0.030310535994233,0.0476380752918451,0.0406534977674197,0.02472810111699,30
104,False,False,False,True,True,False,False,False,False,True,False,False,False,False,False,True,False,False,False,False,False,False,False,False,False,True,False,False,False,False,False,False,False,True,False,False,False,False,False,False,False,True,False,False,False,True,True,False,False,False,False,False,False,False,89.58252446959371,6.958999370779829,137493,0.7726087461744117,0.0259545111768987,0.0456051762268693,0.0405014950939223,0.0217401003611321,75
105,False,False,False,True,True,False,False,False,False,True,False,False,False,False,False,True,False,False,False,False,False,False,False,False,False,True,False,False,False,False,False,False,False,False,True,False,False,False,False,False,False,True,True,False,False,False,True,False,False,False,False,False,False,False,78.28281846032382,6.776619725982896,116962,0.7544054917918369,0.0295516161711598,0.0530879725861538,0.0445947411886565,0.0227774365919207,65
106,False,True,False,False,False,True,False,False,False,True,False,False,False,False,False,True,False,False,False,False,False,False,False,False,False,True,False,False,False,False,False,False,False,True,False,False,False,False,False,False,False,True,False,True,False,False,True,False,False,False,False,False,False,False,90.52123112169488,7.159032971196854,153940,0.8484799980215396,0.0158070751448727,0.024770968058005,0.022645117717869,0.01372715367011,50
107,False,False,False,True,True,False,False,False,False,True,False,False,False,False,False,True,False,False,False,False,False,False,False,False,False,False,False,False,True,False,False,False,False,True,False,False,False,False,False,False,False,True,False,False,False,True,False,False,False,False,False,False,False,True,78.53429103076925,6.5776983279401975,121327,0.7692444617919315,0.0261065138503961,0.0442863616640071,0.0367107233840038,0.0193714831611657,70
108,False,False,False,True,True,False,False,False,False,True,False,False,False,False,False,True,False,False,False,False,False,False,False,False,False,False,False,False,False,True,False,False,False,True,False,False,False,False,False,False,False,True,False,False,False,True,True,False,False,False,False,False,False,False,87.2632149801972,7.232530594749241,135683,0.6682610454228115,0.0286807174001287,0.0508656716287337,0.0448693301909241,0.0234347661389658,80
109,False,True,False,False,False,True,False,False,False,True,False,False,False,False,True,False,False,False,False,False,False,False,False,False,False,False,False,False,False,False,True,False,False,False,True,False,True,False,False,False,False,False,False,False,False,True,False,True,False,False,False,False,False,False,80.0222797571991,6.854345894149261,119419,0.7636364232745833,0.0258990684751266,0.0416222687634724,0.0344233565339716,0.0189034461521234,30
110,False,False,False,True,True,False,False,False,False,True,False,False,False,True,False,False,False,False,False,False,False,False,False,True,False,False,False,False,False,False,False,False,False,True,False,False,False,False,False,False,True,False,False,False,True,False,True,False,False,False,False,False,False,False,87.8714710010573,7.506748394879239,153630,0.9447603406039214,0.0203483737244897,0.0300897220385067,0.0278866948013773,0.018430761579323,85
111,False,False,False,True,True,False,False,True,False,False,False,False,False,False,False,True,False,False,False,False,False,False,False,False,False,True,False,False,False,False,False,False,False,False,True,False,True,False,False,False,False,False,False,True,False,False,False,False,False,True,False,False,False,False,65.1087022295284,7.461197264818233,268444,0.9653462042512748,0.0146285076530612,0.0200924843316956,0.018758332808432,0.013057904488956,45
112,False,False,False,True,True,False,False,False,False,True,False,False,False,False,False,True,False,False,False,False,False,False,False,False,False,False,False,False,True,False,False,False,False,False,True,False,False,False,False,False,False,True,False,False,True,False,True,False,False,False,False,False,False,False,85.48712173855937,7.408318031797947,150780,0.951984308966932,0.0164493411176198,0.0246708540669354,0.0221902032417905,0.0142508247511967,50
113,False,False,False,True,True,False,False,False,False,True,False,False,False,False,False,True,False,False,False,False,False,False,True,False,False,False,False,False,False,False,False,False,False,True,False,False,False,False,True,False,False,False,False,True,False,False,True,False,False,False,False,False,False,False,75.41737252847419,7.720285546554612,173745,0.9674797428396074,0.0138382031053162,0.0196047361845972,0.0180449591101872,0.0123344428434954,75
114,False,False,False,True,True,False,False,False,False,True,False,False,False,False,False,True,False,False,True,False,False,False,False,False,False,False,False,False,False,False,False,False,False,True,False,False,False,False,False,False,False,True,False,False,False,True,True,False,False,False,False,False,False,False,86.64401921022106,7.291955989870175,148065,0.9495474202992448,0.0191576678896867,0.0277651473398001,0.0256384768413538,0.0175288334855547,70
115,False,True,False,False,False,True,False,False,False,True,False,False,False,False,False,True,False,False,False,False,False,False,False,False,False,False,False,False,False,False,False,False,True,True,False,False,True,False,False,False,False,False,True,False,False,False,True,False,False,False,False,False,False,False,86.87217755640091,7.642149475226546,184573,0.867961486174309,0.0191081303277483,0.0274981858098177,0.0255038068468128,0.0171398323990089,70
116,False,True,False,False,False,True,False,False,False,True,False,False,False,False,False,True,False,False,False,False,False,False,False,False,False,False,False,False,True,False,False,False,False,True,False,False,False,False,True,False,False,False,False,False,True,False,True,False,False,False,False,False,False,False,96.3887398806676,7.242549225390263,212282,0.9214110638104278,0.0291456378075921,0.0402465625524901,0.0369268897759721,0.0260596281336608,65
117,False,False,False,True,True,False,False,False,False,True,False,False,False,False,False,True,False,False,False,False,False,False,False,False,False,True,False,False,False,False,False,False,False,True,False,False,False,False,False,False,False,True,False,False,False,True,True,False,False,False,False,False,False,False,81.17334815653366,6.7493825093695,128169,0.7285456568710829,0.0247941511995744,0.0424218684387335,0.0357068496122728,0.0188343341451807,75
118,False,False,False,True,True,False,False,False,False,True,False,False,False,False,False,True,False,False,False,False,False,False,False,False,False,True,False,False,False,False,False,False,False,True,False,False,False,False,False,False,False,True,False,False,True,False,True,False,False,False,False,False,False,False,75.84641801060361,7.221240936717303,137419,0.6516497336495378,0.0264709922034657,0.0492655974426807,0.0423395245443856,0.0206577101005011,65
119,False,False,False,True,True,False,False,False,False,True,False,False,False,False,True,False,False,False,False,False,False,False,False,False,False,False,False,False,True,False,False,False,False,False,True,False,False,True,False,False,False,False,True,False,False,False,True,False,False,False,False,False,False,False,79.94157994044613,7.155176916250353,147751,0.7748683222510391,0.028434232489292,0.0494740270079225,0.042696457441001,0.0222454272346798,70
120,False,False,False,True,True,False,False,False,False,True,False,False,False,False,False,True,False,False,False,False,False,False,True,False,False,False,False,False,False,False,False,False,False,False,True,False,False,True,False,False,False,False,False,False,False,True,True,False,False,False,False,False,False,False,74.84798220847692,7.654174910181835,125019,0.7676348298550003,0.0230678819881862,0.0441690243484224,0.0394778281683043,0.0191026899442904,50
121,False,False,False,True,True,False,False,False,False,True,False,False,False,False,False,True,False,False,False,False,False,False,False,False,False,False,False,False,True,False,False,False,False,True,False,False,False,False,False,False,False,True,False,False,True,False,True,False,False,False,False,False,False,False,74.93385611639586,6.991965549278303,129431,0.644530973846395,0.0260056890554575,0.0473240093362447,0.0419221186416953,0.0206275282746843,100
122,False,False,False,True,True,False,False,False,False,True,False,False,False,False,False,True,False,False,False,False,False,False,True,False,False,False,False,False,False,False,False,False,False,True,False,False,False,False,False,False,False,True,False,False,False,True,False,False,False,True,False,False,False,False,85.65837890645012,6.5125474519783815,148787,0.5992682328133335,0.0278909596245905,0.0481751149533887,0.0381349556283418,0.020518392542202,55
123,False,False,False,True,True,False,False,False,False,True,False,False,False,False,False,True,False,False,False,False,False,False,True,False,False,False,False,False,False,False,False,False,False,False,True,False,False,False,False,False,False,True,False,False,True,False,False,False,False,False,False,True,False,False,67.71645671633425,6.931056937480677,107262,0.8018276434395294,0.0232063247109543,0.0375980253212396,0.0333913786708098,0.018616937515747,35
124,False,True,False,False,False,True,False,False,True,False,False,False,False,False,False,True,False,False,False,False,True,False,False,False,False,False,False,False,False,False,False,False,False,False,True,False,True,False,False,False,False,False,False,True,False,False,False,False,False,False,True,False,False,False,93.75856896353588,7.134881585036323,218326,0.8753299451289269,0.0317845245093922,0.0473650172517566,0.0423490383807844,0.0252165874065675,30
125,False,False,False,True,True,False,False,False,True,False,False,False,False,False,False,True,False,False,False,False,False,False,True,False,False,False,False,False,False,False,False,False,False,True,False,False,True,False,False,False,False,False,False,False,False,True,False,False,False,False,True,False,False,False,94.42995534198704,6.699172378857517,150129,0.8342466406320759,0.02389898047153,0.0342202681522733,0.0311805084842837,0.0207145414910884,35
126,False,True,False,False,False,True,False,False,True,False,False,False,False,False,False,True,False,False,False,False,False,False,False,False,True,False,False,False,False,False,False,False,False,True,False,False,False,False,False,False,False,True,False,True,False,False,False,False,False,False,True,False,False,False,80.4043364211649,7.121052329947999,175282,0.8519261405725435,0.0202653463648834,0.0332517330491867,0.0303336097813611,0.0171823165994793,65
127,False,False,False,True,True,False,False,False,True,False,False,False,False,False,False,True,False,False,False,False,False,False,False,False,True,False,False,False,False,False,False,False,False,True,False,False,False,False,False,False,False,True,False,True,False,False,False,False,False,False,True,False,False,False,91.57237314547258,7.09993512593404,165212,0.8588503898042681,0.024808695340276,0.0404491143165084,0.0376185839562162,0.0213004955068447,60
128,False,True,False,False,False,True,False,False,False,True,False,False,False,False,False,True,True,False,False,False,False,False,False,False,False,False,False,False,False,False,False,False,False,False,False,True,False,True,False,False,False,False,False,True,False,False,True,False,False,False,False,False,False,False,94.56206412610774,7.070999032665236,149090,0.8782260826151187,0.0199880235015817,0.0303548245429859,0.0279900347484672,0.0177651757719548,60
129,False,True,False,False,False,True,False,False,False,True,False,False,False,False,False,True,True,False,False,False,False,False,False,False,False,False,False,False,False,False,False,False,False,False,True,False,True,False,False,False,False,False,False,False,True,False,False,False,False,False,True,False,False,False,101.00313934265782,6.350566428995304,159992,0.9407760511960926,0.0206471573969093,0.0304122903019232,0.0269127568079701,0.0170458422566557,35
130,False,True,False,False,False,True,False,False,True,False,False,False,False,False,False,True,True,False,False,False,False,False,False,False,False,False,False,False,False,False,False,False,False,False,True,False,False,False,True,False,False,False,False,True,False,False,False,False,False,False,False,True,False,False,92.3878545615392,6.913620972505159,148764,0.836653834140052,0.0189502498530276,0.028694277350858,0.026031606058061,0.0165753994499034,30
131,False,True,False,False,False,True,False,False,False,True,False,False,False,False,False,True,True,False,False,False,False,False,False,False,False,False,False,False,False,False,False,False,False,True,False,False,False,False,False,False,False,True,False,True,False,False,False,False,False,False,False,False,True,False,88.69740814389269,7.146015451572859,186002,0.9361434669906356,0.0195945662215503,0.0284789311171999,0.0255877090419501,0.0170652800086083,65
132,False,True,False,False,False,True,False,False,False,True,False,False,False,False,False,True,False,False,False,False,True,False,False,False,False,False,False,False,False,False,False,False,False,False,False,True,False,False,False,False,False,True,False,True,False,False,False,False,False,False,True,False,False,False,89.14396244231834,6.789363425135498,159015,0.8292117810508763,0.0185680560804568,0.0269046919179194,0.0239148321365583,0.015713686451947,40
133,False,True,False,False,False,True,False,False,False,True,False,False,False,False,False,True,True,False,False,False,False,False,False,False,False,False,False,False,False,False,False,False,False,False,False,True,False,True,False,False,False,False,False,False,True,False,False,False,False,False,True,False,False,False,88.27994128844675,7.018157996964702,157542,0.8514351733550747,0.0213069474188852,0.0309884241762548,0.0281183075081884,0.0183772325802749,60
134,False,True,False,False,False,True,False,False,False,True,False,False,False,False,False,True,True,False,False,False,False,False,False,False,False,False,False,False,False,False,False,False,False,False,True,False,False,False,False,False,False,True,False,True,False,False,False,False,False,False,True,False,False,False,92.99035871946649,6.542416739266865,150484,0.8187091852213811,0.0233705750818846,0.033954335334957,0.0293549968855855,0.0191395423910304,50
135,False,True,False,False,False,True,False,False,False,True,False,False,False,False,False,True,True,False,False,False,False,False,False,False,False,False,False,False,False,False,False,False,False,True,False,False,False,False,True,False,False,False,False,False,False,True,False,False,False,False,True,False,False,False,85.23309596346871,7.223937540442678,195218,0.8644896696958786,0.0225767711920159,0.0335212917471515,0.0305150287995856,0.0189546240306822,60
136,False,True,False,False,False,True,False,False,False,True,False,False,False,False,False,True,True,False,False,False,False,False,False,False,False,False,False,False,False,False,False,False,False,True,False,False,False,False,False,False,False,True,False,True,False,False,False,False,False,False,True,False,False,False,90.43731052506833,7.190824743576952,246748,0.8449970162488437,0.0254980657386411,0.0400911972299207,0.035736265957,0.0205443095448055,70
137,False,True,False,False,False,True,False,False,True,False,False,False,False,False,False,True,True,False,False,False,False,False,False,False,False,False,False,False,False,False,False,False,False,False,True,False,True,False,False,False,False,False,False,True,False,False,False,False,False,False,False,False,False,True,78.64258646442698,7.266276677757238,197814,0.8585776158631758,0.0187666437459757,0.0271450529800397,0.0250310129195711,0.0164402373603762,35
138,False,True,False,False,False,True,False,False,True,False,False,False,False,False,False,True,True,False,False,False,False,False,False,False,False,False,False,False,False,False,False,False,False,False,True,False,True,False,False,False,False,False,False,False,False,True,False,False,False,False,True,False,False,False,89.01229551178625,6.973979659426766,159781,0.8849795056370237,0.0240623512779597,0.0375494719492735,0.0339103748495282,0.0203500960569412,40
139,False,True,False,False,False,True,False,False,False,True,False,False,False,False,True,False,True,False,False,False,False,False,False,False,False,False,False,False,False,False,False,False,False,False,True,False,True,False,False,False,False,False,False,True,False,False,True,False,False,False,False,False,False,False,94.93293090212988,6.726936805477456,163670,0.864838498210058,0.0258068826810559,0.0378275602936647,0.0340687200806248,0.0214380633940819,30
140,False,False,False,True,True,False,False,False,False,True,False,False,False,False,False,True,False,False,False,False,False,False,False,False,False,True,False,False,False,False,False,False,False,False,False,True,True,False,False,False,False,False,False,False,False,True,False,False,False,False,False,False,True,False,95.30721482304152,6.496362820773201,125975,0.9182732061235012,0.0118291342272203,0.0144669668316673,0.0133777673651159,0.0106468215349865,35
141,False,False,True,False,False,True,False,False,False,True,False,False,False,False,False,True,False,False,False,False,False,False,False,False,False,True,False,False,False,False,False,False,False,False,False,True,True,False,False,False,False,False,False,False,True,False,False,False,False,False,False,False,True,False,92.64005453640569,6.512571556067165,144840,0.8815592457567177,0.0127646468105215,0.0156564131984493,0.0146723415673458,0.0119415208894015,25
142,False,False,False,True,True,False,False,False,False,True,False,False,False,False,False,True,False,False,False,False,False,False,False,False,False,True,False,False,False,False,False,False,False,False,True,False,True,False,False,False,False,False,True,False,False,False,True,False,False,False,False,False,False,False,103.63831622894462,6.338208836767712,142755,0.8939641621514982,0.0181667157263232,0.0223287767925797,0.0205595003524285,0.0167687658192361,35
143,False,True,False,False,False,True,False,False,False,True,False,False,False,False,False,True,False,False,False,False,False,False,False,False,False,True,False,False,False,False,False,False,False,True,False,False,False,False,False,False,False,True,False,False,True,False,True,False,False,False,False,False,False,False,87.4840301701988,7.328094642007922,138706,0.8852990552803383,0.0168375995210175,0.0220584480728565,0.020409192578175,0.0146369234989747,75
144,False,False,False,True,True,False,False,False,False,True,False,False,False,False,True,False,False,False,False,False,False,False,False,False,False,True,False,False,False,False,False,False,False,True,False,False,True,False,False,False,False,False,False,True,False,False,True,False,False,False,False,False,False,False,88.61521918283104,7.225710812982117,110599,0.94890591761721,0.0144360542419582,0.0174985282103037,0.0168384755863129,0.0139708635701012,70
145,False,True,False,False,False,True,False,False,False,True,False,False,False,False,True,False,False,False,False,False,False,False,True,False,False,False,False,False,False,False,False,False,False,True,False,False,False,False,True,False,False,False,False,False,False,True,True,False,False,False,False,False,False,False,91.47281380552594,7.263959777792401,140893,0.9165591975421384,0.0204339727108163,0.0250534650134563,0.0234650334807125,0.018102637807574,75
146,False,True,False,False,False,True,False,False,False,True,False,False,False,False,False,True,False,False,False,False,False,False,False,False,False,False,False,False,False,True,False,False,False,False,True,False,False,False,True,False,False,False,False,False,False,True,False,False,False,False,False,False,True,False,84.31578318718836,7.701759105686078,144562,0.78932550220671,0.0251352277021919,0.0416797891996304,0.037094557473195,0.0202500367430923,50
147,False,False,True,False,True,False,False,False,False,True,False,False,False,False,False,True,False,False,False,False,False,False,False,False,False,False,False,False,False,False,True,False,False,True,False,False,False,False,True,False,False,False,True,False,False,False,True,False,False,False,False,False,False,False,98.72223091091313,6.959269825228626,130345,0.8730933247996788,0.0149518140589569,0.0203717482363315,0.019237086552728,0.0141254225455614,25
148,False,True,False,False,False,True,False,False,False,True,False,False,False,False,True,False,False,False,False,False,False,False,False,False,False,False,False,False,False,True,False,False,False,True,False,False,False,False,False,True,False,False,False,False,True,False,True,False,False,False,False,False,False,False,87.1861877400124,7.857619899047939,172146,0.798711292484491,0.0241320100571092,0.0422364033061784,0.0375237736555527,0.0198780129335684,60
149,False,True,False,False,False,True,False,False,False,True,False,False,False,False,True,False,False,False,False,False,False,False,True,False,False,False,False,False,False,False,False,False,False,False,True,False,False,False,False,True,False,False,False,False,True,False,True,False,False,False,False,False,False,False,84.55015914418074,7.361992204567099,152403,0.7713490668206316,0.0207672832507488,0.0354651762968561,0.0321879330435878,0.0168465984644886,55
150,False,False,False,True,True,False,False,False,False,True,False,False,False,False,False,True,False,False,False,False,False,True,False,False,False,False,False,False,False,False,False,False,False,False,False,True,False,False,False,True,False,False,False,False,True,False,False,False,False,False,False,False,True,False,86.63082049695427,7.143507592692147,158840,0.6194450241607905,0.0200108673249517,0.0331994695413031,0.0296692872939188,0.0176429125000643,45
151,False,True,False,False,False,True,False,False,False,False,False,False,True,False,False,True,False,False,False,False,False,False,False,False,False,False,False,False,False,False,True,False,False,True,False,False,False,True,False,False,False,False,False,True,False,False,True,False,False,False,False,False,False,False,86.97926410219424,6.695550177289192,143154,0.5979296972587748,0.023992036372162,0.0379159186822877,0.0320701583102376,0.0179134603944458,25
152,False,False,False,True,True,False,False,False,False,True,False,False,False,False,False,True,False,False,False,False,False,False,False,False,False,False,False,False,False,False,True,False,False,True,False,False,False,False,False,False,False,True,False,False,True,False,False,False,False,False,False,False,True,False,74.20091611001722,7.884807029654443,169930,0.9432189642378688,0.0162313430387587,0.0230690028712102,0.0204869804789199,0.0138496853216595,30
153,False,True,False,False,False,True,False,False,False,True,False,False,False,False,False,True,False,False,False,False,False,False,False,False,False,False,True,False,False,False,False,False,False,False,True,False,False,False,False,True,False,False,False,False,True,False,False,False,False,False,False,False,True,False,79.29294667316755,7.105776817990718,173647,0.9618460083854496,0.01798225,0.0251749166666666,0.0210910833333333,0.0145466666666666,65
154,False,False,False,True,True,False,False,False,False,True,False,False,False,False,False,True,False,False,False,False,False,False,False,False,False,False,False,False,True,False,False,False,False,True,False,False,False,False,False,False,False,True,False,True,False,False,False,False,False,False,False,False,True,False,72.84989305790954,7.442342570781469,156031,0.9493440647622362,0.0158899931500377,0.0198119901895943,0.018078503585076,0.0146736983759553,65
155,False,True,False,False,False,True,False,False,False,True,False,False,False,False,False,True,False,False,False,False,True,False,False,False,False,False,False,False,False,False,False,False,False,True,False,False,True,False,False,False,False,False,False,True,False,False,False,False,False,False,True,False,False,False,87.67656508854229,6.948366636385692,159820,0.8402901205899876,0.0174865406553567,0.0284868319755885,0.0259717891786344,0.0144954779751406,60
156,False,True,False,False,False,True,False,False,False,True,False,False,False,False,True,False,True,False,False,False,False,False,False,False,False,False,False,False,False,False,False,False,False,True,False,False,True,False,False,False,False,False,False,False,True,False,False,False,False,False,True,False,False,False,88.52311824749256,6.951871013559065,152734,0.8586384344579927,0.0214435311161501,0.0321094165546877,0.0290226687382772,0.0177680189874303,55
157,False,False,False,True,True,False,False,False,True,False,False,False,False,False,False,True,True,False,False,False,False,False,False,False,False,False,False,False,False,False,False,False,False,False,True,False,False,False,False,False,False,True,False,True,False,False,False,False,False,True,False,False,False,False,76.74842949323886,7.711528569889824,143289,0.8858204109211502,0.0230937989907897,0.0348392314744828,0.0314196087385571,0.0199203331023767,45
158,False,True,False,False,False,True,False,False,True,False,False,False,False,False,False,True,False,False,False,False,True,False,False,False,False,False,False,False,False,False,False,False,False,False,False,True,True,False,False,False,False,False,False,True,False,False,False,False,False,False,True,False,False,False,95.84651011089076,6.515349407436787,133850,0.8129532422440334,0.018619343313457,0.0260207799683659,0.0242273671299795,0.016721496983567,30
159,False,True,False,False,False,True,False,False,False,True,False,False,False,False,False,True,True,False,False,False,False,False,False,False,False,False,False,False,False,False,False,False,False,False,True,False,False,True,False,False,False,False,False,False,True,False,False,False,False,False,True,False,False,False,93.97366450514792,6.858273249815037,131718,0.8720801340562306,0.0246145912068531,0.0365046996164721,0.0339996080736821,0.0221605681881806,60
160,False,True,False,False,False,True,False,False,False,True,False,False,False,False,False,True,False,False,False,False,True,False,False,False,False,False,False,False,False,False,False,False,False,True,False,False,False,False,False,False,False,True,False,True,False,False,False,False,False,False,True,False,False,False,99.42774898404907,6.26675217786856,134824,0.79929033910629,0.0211768156336608,0.0319061266481901,0.0293254711864169,0.018964465930405,25
161,False,True,False,False,False,True,False,False,True,False,False,False,False,False,False,True,True,False,False,False,False,False,False,False,False,False,False,False,False,False,False,False,False,True,False,False,False,False,False,False,False,True,False,True,False,False,False,False,False,False,True,False,False,False,83.28416351635326,6.658013864625295,147888,0.8780435315326459,0.0189108822541362,0.0284925184065395,0.0264226575403824,0.016479714313709,45
162,False,True,False,False,False,True,False,False,False,True,False,False,False,False,False,True,True,False,False,False,False,False,False,False,False,False,False,False,False,False,False,False,False,True,False,False,False,True,False,False,False,False,False,False,True,False,False,False,False,False,True,False,False,False,91.84656490995224,6.942018839541856,130196,0.837698980575773,0.0197735794420648,0.031971411249685,0.0293712906973489,0.0177412271492959,60
163,False,True,False,False,False,True,False,False,False,True,False,False,False,True,False,False,True,False,False,False,False,False,False,False,False,False,False,False,False,False,False,False,False,False,False,True,True,False,False,False,False,False,False,True,False,False,False,False,False,False,True,False,False,False,90.7753635566136,6.8087707092872405,128809,0.8626242583925529,0.0206070789941491,0.0311665625612384,0.0287732312575235,0.0178504722362195,70
164,False,True,False,False,False,True,False,False,False,True,False,False,False,False,False,True,False,False,False,False,False,False,False,False,False,False,False,False,True,False,False,False,False,False,False,True,False,False,False,True,False,False,False,True,False,False,False,False,False,False,False,False,True,False,67.76025220136786,6.917950244863162,147377,0.9182035717736112,0.0116989841847232,0.0193855898841017,0.0176821210737381,0.0106036627614008,75
165,False,False,False,True,True,False,False,False,False,True,False,False,False,False,False,True,False,False,False,False,False,False,False,False,False,False,False,False,False,True,False,False,False,False,True,False,True,False,False,False,False,False,False,True,False,False,False,False,False,False,False,False,True,False,67.68828400207339,7.148746939025286,163259,0.9036569858747892,0.0116421472138238,0.0194377519526329,0.0177410084404132,0.0104276567880238,65
166,False,True,False,False,False,True,False,False,False,True,False,False,False,False,False,True,False,False,False,False,False,False,False,False,False,True,False,False,False,False,False,False,False,True,False,False,False,False,False,False,False,True,False,False,False,True,False,False,False,False,False,False,True,False,84.06662626841957,6.508924983663603,134651,0.8530091609593593,0.0262454144239395,0.0391269533753043,0.0316949160178777,0.0202081981689734,30
167,False,False,False,True,True,False,False,False,False,True,False,False,False,False,True,False,False,False,False,False,False,False,False,False,False,True,False,False,False,False,False,False,False,True,False,False,True,False,False,False,False,False,False,False,True,False,False,False,False,False,False,True,False,False,83.26788854698175,6.983387537748151,148146,0.8625718343240738,0.015640518870947,0.0244484793508906,0.0189725706459054,0.011574074074074,35
168,False,False,False,True,True,False,False,True,False,False,False,False,False,False,False,True,False,False,False,False,False,False,False,False,False,True,False,False,False,False,False,False,False,True,False,False,False,False,False,False,False,True,False,False,True,False,True,False,False,False,False,False,False,False,67.64670705584126,7.111685855626932,139833,0.8715062584039528,0.0154278853085351,0.0206905346901832,0.0176283110262078,0.0121089745130078,30
169,False,True,False,False,False,True,False,False,False,False,False,False,True,False,False,True,False,False,False,False,False,False,False,False,False,True,False,False,False,False,False,False,False,True,False,False,False,False,False,False,False,True,False,True,False,False,True,False,False,False,False,False,False,False,87.47179036681857,6.241424980495845,133356,0.8680320130756717,0.0225529243560169,0.0340844466871716,0.0274323577470203,0.0167955483868383,35
170,False,False,False,True,True,False,False,True,False,False,False,False,False,False,False,True,False,False,False,False,False,False,False,False,False,True,False,False,False,False,False,False,False,False,False,True,True,False,False,False,False,False,False,True,False,False,False,False,True,False,False,False,False,False,64.7031190139562,6.73921445808721,100983,0.9149194321860878,0.0155430253187876,0.0245798891452005,0.0200621455690119,0.0126684047802127,40
171,False,True,False,False,False,True,False,False,False,True,False,False,False,False,False,True,False,False,False,False,False,False,False,False,False,True,False,False,False,False,False,False,False,True,False,False,False,False,False,False,False,True,False,False,False,True,True,False,False,False,False,False,False,False,81.78220684349286,6.590669128025293,115304,0.8086479694246342,0.0254093978277585,0.0364836140747148,0.03233644611848,0.0210066691096373,55
172,False,False,False,True,True,False,False,False,False,True,False,False,False,False,False,True,False,False,False,False,False,False,False,False,False,True,False,False,False,False,False,False,False,False,True,False,False,False,False,False,False,True,False,False,True,False,False,False,False,False,False,False,True,False,85.53044383601596,6.478907695839533,140092,0.8367776164021263,0.0254336773516596,0.038268159081443,0.0329663370658721,0.0207453513472382,65
173,False,False,False,True,True,False,False,False,False,True,False,False,False,False,False,True,False,False,False,False,False,False,False,False,False,True,False,False,False,False,False,False,False,True,False,False,False,False,False,False,False,True,False,True,False,False,True,False,False,False,False,False,False,False,81.28404824787673,6.659176097709176,137415,0.8541409072528748,0.0169924127739331,0.0255524467752787,0.0202766564141996,0.0123482654908368,30
174,False,False,False,True,True,False,False,False,False,True,False,False,False,False,False,True,False,False,False,False,False,False,True,False,False,False,False,False,False,False,False,False,False,True,False,False,False,False,False,False,False,True,False,True,False,False,True,False,False,False,False,False,False,False,86.05204461930242,7.009242320502016,163326,0.9241134947716962,0.0149062132569077,0.0202876820095322,0.0182388445347274,0.0134533848261526,30
175,False,False,False,True,True,False,False,False,True,False,False,False,False,False,False,True,False,False,False,False,False,False,False,False,False,True,False,False,False,False,False,False,False,True,False,False,False,False,False,False,False,True,False,True,False,False,True,False,False,False,False,False,False,False,89.90466796111484,6.847801301969361,177364,0.9292207392473472,0.0145853673259427,0.0192809376837154,0.0173315854119425,0.0127548559933232,25
176,False,False,False,True,True,False,False,False,False,False,False,True,False,False,False,True,False,False,False,False,False,False,False,False,False,True,False,False,False,False,False,False,False,True,False,False,False,False,True,False,False,False,False,True,False,False,True,False,False,False,False,False,False,False,92.02813438332797,6.984917130238615,157266,0.9372871192307688,0.0199222194664903,0.0282459241412614,0.0242724211598219,0.0158935198307718,25
177,False,True,False,False,False,True,False,False,False,True,False,False,False,False,False,True,False,False,False,False,False,False,False,False,False,False,False,False,False,False,True,False,False,True,False,False,True,False,False,False,False,False,False,False,True,False,True,False,False,False,False,False,False,False,100.29474996505384,6.405888100616133,169882,0.9303124705236352,0.024572845148862,0.0330924036281179,0.028102970547787,0.0200156354980263,20
178,False,False,False,True,True,False,False,False,False,True,False,False,False,False,False,True,False,False,False,False,False,False,False,False,False,False,False,False,False,False,True,False,False,True,False,False,True,False,False,False,False,False,False,False,True,False,True,False,False,False,False,False,False,False,102.65921591417658,6.421064354044317,164746,0.878635356363585,0.0251550755332997,0.0327907494016124,0.0289798838130931,0.0213763601505416,20
179,False,False,False,True,True,False,False,True,False,False,False,False,False,False,False,True,False,False,False,False,False,False,False,False,False,False,False,False,False,False,True,False,False,True,False,False,True,False,False,False,False,False,False,False,True,False,True,False,False,False,False,False,False,False,59.1088632342893,7.935615607278283,425873,0.9384753891206924,0.0182221133051986,0.0260991597642143,0.0231436372774418,0.0149139227450239,20
180,False,False,False,True,True,False,False,False,False,True,False,False,False,False,False,True,False,False,False,False,False,False,False,False,True,False,False,False,False,False,False,False,False,True,False,False,False,False,False,False,False,True,False,False,True,False,True,False,False,False,False,False,False,False,92.99341496353392,6.864951898592996,166294,0.932467381546899,0.018009610287016,0.0228506767290249,0.0204523697982279,0.0154231590398505,20
181,False,True,False,False,False,True,False,False,False,True,False,False,False,False,False,True,False,False,False,False,False,False,False,False,False,False,False,False,False,False,True,False,False,True,False,False,False,True,False,False,False,False,False,True,False,False,True,False,False,False,False,False,False,False,91.91796576482186,6.687200806269482,136030,0.8815475165904002,0.0184004977376753,0.0236572204113126,0.0212091298710842,0.0156204891292936,20
182,False,False,False,True,True,False,False,False,False,False,False,True,False,False,False,True,False,False,False,False,False,False,False,False,False,False,False,False,False,False,False,False,True,False,True,False,False,True,False,False,False,False,False,False,True,False,True,False,False,False,False,False,False,False,83.6938742062741,7.396408035847015,169601,0.8771832428220282,0.017650709010456,0.025111361095364,0.0222814868617199,0.0145982438114134,20
183,False,False,False,True,True,False,False,False,False,True,False,False,False,False,False,True,False,False,False,False,False,False,False,False,False,False,False,False,False,False,False,False,True,True,False,False,False,False,False,False,False,True,False,True,False,False,True,False,False,False,False,False,False,False,95.3196871002748,6.925289269493982,183839,0.929942485926581,0.0243962650646678,0.0344945462753002,0.0304281193573108,0.0203295920991853,20
184,False,False,False,True,True,False,False,False,False,True,False,False,False,False,False,True,False,False,False,False,False,False,False,False,True,False,False,False,False,False,False,False,False,True,False,False,True,False,False,False,False,False,False,True,False,False,True,False,False,False,False,False,False,False,82.80298825008127,7.502030453383494,269560,0.861144925224457,0.018147560914798,0.0266843427185689,0.0233180849500293,0.014696908856135,25
185,False,False,False,True,True,False,False,False,False,True,False,False,False,False,False,True,False,False,False,False,False,False,False,False,False,False,False,False,False,False,True,False,False,True,False,False,False,False,False,True,False,False,False,False,False,True,True,False,False,False,False,False,False,False,96.3757279206762,6.713175103194484,149741,0.8399796871041053,0.0221650243816662,0.030290988887839,0.026187900893382,0.0182376963130931,20
186,False,True,False,False,False,True,False,True,False,False,False,False,False,False,False,True,False,False,False,False,False,False,False,False,False,False,False,False,False,False,True,False,False,False,False,True,True,False,False,False,False,False,False,True,False,False,True,False,False,False,False,False,False,False,89.76950908587624,6.916276376352893,219441,0.9483988008861703,0.0230184811192995,0.0320535090965398,0.0285721831170739,0.0200199003212396,30
187,False,True,False,False,False,True,False,False,True,False,False,False,False,False,False,True,False,False,False,False,True,False,False,False,False,False,False,False,False,False,False,False,False,True,False,False,False,True,False,False,False,False,False,True,False,False,True,False,False,False,False,False,False,False,87.65684899074725,6.988336447056331,179584,0.9431287056406836,0.0197562194244981,0.0265027596686822,0.0233707391135466,0.0165978717876039,20
188,False,True,False,False,False,True,False,False,False,True,False,False,False,False,False,True,False,False,False,False,False,False,False,False,False,False,False,False,False,False,True,False,False,True,False,False,False,True,False,False,False,False,False,True,False,False,True,False,False,False,False,False,False,False,97.6322246247736,6.509195283936474,185648,0.9183965187101552,0.0226167675789451,0.0298946883923322,0.0272792855568153,0.0188681520061728,20
189,False,True,False,False,False,True,False,False,False,True,False,False,False,False,False,True,False,False,False,False,False,False,False,False,False,False,False,False,False,False,True,False,False,True,False,False,False,True,False,False,False,False,False,False,False,True,True,False,False,False,False,False,False,False,101.38094523523172,6.853072231029482,206494,0.9195852364370464,0.0287879667684975,0.0399957581412194,0.0341365471728815,0.0231404386600319,25
190,False,False,True,False,True,False,False,False,False,True,False,False,False,False,False,True,False,False,False,False,False,False,False,False,True,False,False,False,False,False,False,False,False,True,False,False,True,False,False,False,False,False,False,True,False,False,True,False,False,False,False,False,False,False,83.99069646054807,6.814156011540086,171387,0.9236693553787964,0.0143149611310573,0.0199168064216427,0.0171827266786344,0.0123093459992021,25
191,True,False,False,False,True,False,False,False,False,True,False,False,False,False,False,True,False,False,False,False,False,False,False,False,False,False,False,False,False,False,True,False,False,True,False,False,True,False,False,False,False,False,False,True,False,False,True,False,False,False,False,False,False,False,99.15357748248992,6.642856543445302,156843,0.907190619437993,0.0195059891240446,0.0233900128338372,0.0206141050170068,0.0159336255721424,25
192,False,False,False,True,True,False,False,False,False,True,False,False,False,False,False,True,False,False,False,False,False,False,False,False,False,False,False,False,False,False,True,False,False,True,False,False,True,False,False,False,False,False,False,False,True,False,True,False,False,False,False,False,False,False,87.38784802990314,7.0656547060080745,180754,0.9571438335472008,0.0182805085768875,0.0241991810227177,0.0209657068846056,0.0144321617535903,25
193,False,False,False,True,True,False,False,False,False,True,False,False,False,False,False,True,False,False,False,False,False,False,False,False,False,True,False,False,False,False,False,False,False,True,False,False,True,False,False,False,False,False,False,False,True,False,True,False,False,False,False,False,False,False,91.54714591177915,6.41201729337081,162231,0.9296957229188914,0.0182415510571512,0.0254070281662047,0.0214636249947509,0.0150449020271688,25
194,False,False,False,True,True,False,False,False,False,True,False,False,False,False,False,True,False,False,False,False,False,False,False,False,False,False,False,False,False,False,True,False,False,True,False,False,False,True,False,False,False,False,False,True,False,False,True,False,False,False,False,False,False,False,97.61956638220772,6.806324750689232,162520,0.9366262977671644,0.0218694393266565,0.0301507418167884,0.026463884164777,0.0183760570200302,20
195,False,True,False,False,False,True,False,False,False,True,False,False,False,False,True,False,False,False,False,False,False,False,False,False,False,False,False,False,False,False,True,False,False,True,False,False,True,False,False,False,False,False,False,True,False,False,False,False,False,True,False,False,False,False,92.52480407735872,6.841620649945532,172178,0.9286794606158912,0.0224065610040312,0.0314861235775174,0.0280786938618039,0.0198460267594692,20
196,False,False,False,True,True,False,False,False,False,True,False,False,False,False,False,True,False,False,False,False,False,False,False,False,False,False,False,False,False,False,True,False,False,False,True,False,True,False,False,False,False,False,False,True,False,False,True,False,False,False,False,False,False,False,91.96412597983898,7.316663378128625,215434,0.933766534713757,0.019455467372134,0.0270015799529688,0.0236787905748719,0.0158393893822961,20
197,False,True,False,False,False,True,False,False,False,True,False,False,False,False,False,True,False,False,False,False,False,False,False,False,False,False,False,False,False,False,True,False,False,True,False,False,False,False,False,False,False,True,False,True,False,False,True,False,False,False,False,False,False,False,99.77264324115932,6.754622116027253,162643,0.939508785482803,0.0258503237328882,0.035166583994709,0.0310999110292265,0.021163611084866,20
198,False,False,False,True,True,False,False,False,False,True,False,False,False,False,False,True,False,False,False,False,False,False,False,False,False,False,False,False,False,False,True,False,False,True,False,False,False,True,False,False,False,False,False,False,True,False,True,False,False,False,False,False,False,False,97.12037433137876,6.67002686037246,162478,0.9384779454259866,0.0213542158761652,0.0307264929505752,0.0260848890096161,0.0174806901927437,20
199,False,False,False,True,True,False,False,False,False,True,False,False,False,False,False,True,False,True,False,False,False,False,False,False,False,False,False,False,False,False,False,False,False,False,True,False,False,False,False,True,False,False,False,True,False,False,True,False,False,False,False,False,False,False,91.86871477669416,6.881683781339778,176773,0.9277591671417316,0.0233902588813303,0.0363421989166036,0.0327248086734693,0.020287271930377,50
200,False,False,False,True,True,False,False,False,True,False,False,False,False,False,False,True,False,False,False,False,False,False,False,False,False,False,False,False,False,False,True,False,False,True,False,False,True,False,False,False,False,False,False,False,True,False,True,False,False,False,False,False,False,False,88.80940054752298,6.464225434533046,156579,0.9347325490486376,0.0159971058253548,0.0225015353363567,0.0193686126070798,0.0131158896814898,20
201,False,False,False,True,True,False,False,False,False,True,False,False,False,False,False,True,False,False,False,False,False,False,False,False,False,False,False,False,False,False,True,False,False,True,False,False,True,False,False,False,False,False,False,False,True,False,True,False,False,False,False,False,False,False,98.07463985267032,6.539954100908403,227743,0.93388200199126,0.020577115877215,0.0276929734084992,0.024110685941043,0.0173835834488116,25
202,False,False,False,True,True,False,False,False,False,True,False,False,False,False,False,True,False,False,False,False,False,False,False,False,False,False,False,False,False,False,True,False,False,True,False,False,False,True,False,False,False,False,False,False,True,False,True,False,False,False,False,False,False,False,94.2095661894875,6.543960773180585,156517,0.937005333114256,0.0183034730095742,0.0244138984683379,0.0208949272224321,0.0153928131823717,20
203,False,False,False,True,True,False,False,False,False,False,False,False,False,False,False,True,False,False,False,False,False,False,False,False,False,False,False,False,False,False,True,False,False,True,False,False,True,False,False,False,False,False,True,False,False,False,True,False,False,False,False,False,False,False,95.63675889363672,6.516812684721083,162727,0.9390120802951858,0.0196699387702611,0.0273626136411354,0.023068510776224,0.0160697718516418,20
204,False,True,False,False,False,True,False,False,False,True,False,False,False,False,False,True,False,False,False,False,False,False,False,False,False,False,False,False,False,False,True,False,False,True,False,False,True,False,False,False,False,False,False,True,False,False,False,False,False,False,False,False,False,True,96.11777394110996,6.768084231381679,152274,0.9408423475281958,0.0222881301440329,0.0303280600434618,0.0262238238273704,0.0184834157428403,20
205,False,False,False,True,True,False,False,False,False,True,False,False,False,False,False,True,False,False,False,False,False,False,False,False,False,False,False,False,False,False,True,False,False,True,False,False,True,False,False,False,False,False,False,False,True,False,True,False,False,False,False,False,False,False,97.20513825318572,6.374533674949214,178541,0.924613845503843,0.0213520834645586,0.0297977456800621,0.0252439806941295,0.0177374817596791,20
206,False,True,False,False,False,True,False,False,False,True,False,False,False,False,False,True,False,False,False,False,False,False,False,False,False,False,False,False,False,False,True,False,False,True,False,False,True,False,False,False,False,False,False,False,False,True,True,False,False,False,False,False,False,False,99.33379231883384,6.435054129197378,175480,0.9338769899516598,0.022181509563702,0.0321111662257495,0.0285410991171159,0.0187743258954816,20
207,False,True,False,False,False,True,False,False,False,True,False,False,False,False,False,True,False,False,False,False,False,False,False,False,False,False,False,False,False,False,True,False,False,True,False,False,False,True,False,False,False,False,False,False,True,False,True,False,False,False,False,False,False,False,99.8792796289923,6.635224769923338,177120,0.9479066260142412,0.0273708152242378,0.0364743264203829,0.0313029002110103,0.0223985234525909,20
208,False,False,False,True,True,False,False,False,False,True,False,False,False,False,False,True,False,False,False,False,False,False,False,False,False,False,False,False,False,False,True,False,False,True,False,False,False,False,True,False,False,False,False,False,False,True,True,False,False,False,False,False,False,False,90.5695583104946,6.487545012872108,150237,0.9276393008324596,0.0168125072173931,0.02358250398925,0.0205645674550684,0.0144338020702108,20
209,False,False,False,True,True,False,False,False,False,True,False,False,False,False,True,False,False,False,False,False,False,False,False,False,False,False,False,False,False,False,True,False,False,True,False,False,False,False,False,False,False,True,False,True,False,False,True,False,False,False,False,False,False,False,90.8551743656953,7.01086752097776,173743,0.9601311545996866,0.0244307117136978,0.0342537477954144,0.0290983146730914,0.019555526685983,20
210,False,True,False,False,False,True,False,False,False,True,False,False,False,False,False,True,False,False,False,False,False,False,False,False,False,False,False,False,False,False,True,False,False,True,False,False,False,True,False,False,False,False,False,True,False,False,True,False,False,False,False,False,False,False,90.20770565160522,7.109744044099948,177575,0.9321988177048888,0.0222831271783404,0.0334038177385151,0.029424819696397,0.0185879039115646,20
211,False,False,False,True,True,False,False,False,False,True,False,False,False,False,False,True,False,False,False,False,False,False,False,False,False,False,False,False,False,False,True,False,False,True,False,False,False,True,False,False,False,False,False,False,True,False,True,False,False,False,False,False,False,False,95.70627256089446,6.759816558499182,162907,0.9553349555603676,0.0186622922703031,0.025511516334929,0.0212678532060972,0.0150569583543293,20
212,False,False,False,True,True,False,False,False,False,True,False,False,False,False,False,True,False,False,False,False,False,False,False,False,False,True,False,False,False,False,False,False,False,True,False,False,False,True,False,False,False,False,False,False,False,True,True,False,False,False,False,False,False,False,92.5824156891549,6.693837884408332,131239,0.8594811878680353,0.0195252628443352,0.0291642554012345,0.0254584520922566,0.0160794497197026,20
213,False,False,False,True,True,False,False,False,False,True,False,False,False,False,False,True,False,False,False,False,False,False,False,False,False,False,False,False,False,False,True,False,False,True,False,False,True,False,False,False,False,False,False,False,True,False,True,False,False,False,False,False,False,False,90.6056200843021,6.946905385699592,199639,0.9129655111713462,0.0181218899596875,0.0258525381603258,0.0225580442439321,0.0155272371294196,20
214,False,False,False,True,True,False,False,False,True,False,False,False,False,False,False,True,False,False,False,False,False,False,False,False,False,False,False,False,False,False,True,False,False,True,False,False,True,False,False,False,False,False,False,False,False,True,True,False,False,False,False,False,False,False,92.23536262976285,6.913195351502774,181435,0.8191577375774056,0.0147213495737801,0.0224596252467036,0.0202315011652809,0.0127080249538086,25
215,False,True,False,False,False,True,False,False,True,False,False,False,False,False,False,True,False,False,False,False,False,False,False,False,False,False,False,False,False,False,True,False,False,True,False,False,True,False,False,False,False,False,False,False,True,False,True,False,False,False,False,False,False,False,90.7565837652119,7.051843095378346,183425,0.8519866203651302,0.0128678085199824,0.0204496657395208,0.0184502896459418,0.0114458944169089,25
216,False,False,False,True,True,False,False,False,False,True,False,False,False,False,True,False,False,False,False,False,False,False,False,False,False,False,False,False,False,False,True,False,False,True,False,False,False,False,False,False,False,True,False,True,False,False,True,False,False,False,False,False,False,False,89.79207546951645,6.770071465954291,165305,0.7586090092419497,0.0120273755721424,0.0170290290112958,0.014897109499664,0.0103018445032333,25
217,False,False,False,True,True,False,False,False,False,True,False,False,False,False,False,True,False,False,False,False,False,False,False,False,False,False,False,False,False,False,True,False,False,True,False,False,False,True,False,False,False,False,False,True,False,False,True,False,False,False,False,False,False,False,94.86529665540462,6.509591673496941,166613,0.9406213481350056,0.0210074529425967,0.0305347399376417,0.0261558327034517,0.0173353581401696,25
218,False,True,False,False,False,True,False,False,False,True,False,False,False,False,True,False,False,False,False,False,False,False,False,False,False,True,False,False,False,False,False,False,False,True,False,False,True,False,False,False,False,False,False,True,False,False,True,False,False,False,False,False,False,False,92.43474280965172,7.185511009168252,198920,0.901210323051884,0.0207996248267825,0.0308707587973461,0.0278675030969177,0.0178239264455782,25
219,False,False,False,True,True,False,False,False,True,False,False,False,False,False,False,True,False,False,False,False,False,False,False,False,False,False,False,False,False,False,True,False,False,True,False,False,True,False,False,False,False,False,False,True,False,False,True,False,False,False,False,False,False,False,71.96173830048176,7.450736087049592,291716,0.9640578162547276,0.0145366499223146,0.0180593118806164,0.0159026235880154,0.0124036642048794,20
220,False,False,False,True,True,False,False,True,False,False,False,False,False,False,False,True,False,False,False,False,False,False,False,False,False,False,False,False,False,False,True,False,False,True,False,False,False,False,False,False,True,False,False,True,False,False,True,False,False,False,False,False,False,False,72.00378313294915,7.179328764685318,229076,0.905104325548659,0.0165824528113714,0.0225534513573948,0.0212926219870664,0.0149733022066851,20
221,False,False,False,True,True,False,False,False,False,True,False,False,False,False,True,False,False,False,False,False,False,False,False,False,False,False,False,False,False,False,True,False,False,True,False,False,False,False,False,False,False,True,False,False,True,False,True,False,False,False,False,False,False,False,95.80891631416056,6.85555217642481,172871,0.9375392376067896,0.0216207673269925,0.0289463393382044,0.0252098621084236,0.0182635312998656,20
222,False,True,False,False,False,True,False,False,False,True,False,False,False,False,False,True,False,False,False,False,False,False,False,False,False,False,False,False,False,False,True,False,False,True,False,False,True,False,False,False,False,False,False,True,False,False,True,False,False,False,False,False,False,False,99.78122713258313,6.733065376256378,179954,0.916422883204006,0.0257250855589149,0.0348589426125388,0.0294323651528512,0.0206571633282942,20
223,False,False,False,True,False,False,True,False,True,False,False,False,False,False,False,True,False,False,False,False,False,False,False,False,False,False,False,False,False,False,True,False,False,True,False,False,True,False,False,False,False,False,False,False,False,True,True,False,False,False,False,False,False,False,96.77787106678235,6.953403450729607,272630,0.9164928216361226,0.0237711404006046,0.0341119424235743,0.0292581635277567,0.0188368219587217,20
224,False,False,False,True,True,False,False,False,False,True,False,False,False,False,False,True,False,False,False,False,False,False,False,False,False,False,False,False,False,False,True,False,False,True,False,False,False,True,False,False,False,False,False,True,False,False,True,False,False,False,False,False,False,False,85.68833832913673,6.85233897250431,166287,0.950516734588514,0.016373804537247,0.0220187081391198,0.0190499811035525,0.0133104312326782,20
225,False,False,False,True,True,False,False,False,False,True,False,False,False,False,False,True,False,False,False,False,False,False,False,False,False,True,False,False,False,False,False,False,False,True,False,False,False,True,False,False,False,False,False,True,False,False,True,False,False,False,False,False,False,False,98.16591632637292,6.530782790673295,181031,0.9213174159172642,0.0206259973125052,0.0274939209866045,0.0239078607909213,0.0173714451058201,20
226,False,False,False,True,True,False,False,False,False,True,False,False,False,False,False,True,False,False,False,False,False,False,False,False,False,False,False,False,False,False,True,False,False,True,False,False,False,False,False,False,False,True,False,True,False,False,True,False,False,False,False,False,False,False,89.37238389577996,6.983180765035488,197870,0.9401357937675549,0.0170174647791215,0.0240624606324011,0.0208179143571008,0.0149002261012429,20
227,False,False,False,True,True,False,False,False,False,True,False,False,False,False,False,True,False,False,False,False,False,False,False,False,False,False,False,False,False,False,True,False,False,True,False,False,False,False,True,False,False,False,False,True,False,False,True,False,False,False,False,False,False,False,92.3691946971213,6.8789103399670015,173326,0.9490335875037816,0.0179645015799529,0.0231898942061392,0.0202711968274964,0.0152027825018896,20
228,False,False,False,True,True,False,False,False,False,True,False,False,False,False,False,True,False,False,False,False,False,False,False,False,False,False,False,False,False,False,True,False,False,True,False,False,True,False,False,False,False,False,False,True,False,False,True,False,False,False,False,False,False,False,102.0657577451232,6.248459113076815,164045,0.9355269282470784,0.0235968567596791,0.0303457754629629,0.0255065133692365,0.018199476935836,20
229,False,True,False,False,False,True,False,False,False,True,False,False,False,False,False,True,True,False,False,False,False,False,False,False,False,False,False,False,False,False,False,False,False,True,False,False,False,True,False,False,False,False,False,False,False,True,True,False,False,False,False,False,False,False,92.27352418407332,6.806241825041762,200043,0.8668289298598048,0.0235437105011757,0.0323841149113966,0.028465398505081,0.0197117668440833,20
230,False,False,False,True,True,False,False,False,False,True,False,False,False,False,False,True,False,False,False,False,False,False,False,False,False,False,False,False,False,False,True,False,False,True,False,False,True,False,False,False,False,False,False,True,False,False,True,False,False,False,False,False,False,False,86.3884894946919,7.713180080823425,365775,0.9110058478112186,0.0200582837301587,0.0283778055975476,0.0242513430912488,0.0164556563366087,20
231,False,False,False,True,True,False,False,False,False,True,False,False,False,False,False,True,False,False,False,False,False,False,False,False,False,False,False,False,False,False,True,False,False,True,False,False,False,True,False,False,False,False,False,True,False,False,True,False,False,False,False,False,False,False,94.50554245816848,6.401209117975789,148160,0.9434448545087524,0.019075816090325,0.025960142930629,0.0229863309135382,0.0157257154404971,20
232,False,False,False,True,True,False,False,False,False,True,False,False,False,False,False,True,False,False,False,False,False,False,False,False,False,False,False,False,False,False,True,False,False,True,False,False,False,True,False,False,False,False,False,False,True,False,True,False,False,False,False,False,False,False,96.3940215091828,6.8509472635223005,174526,0.9391463771340478,0.0202454438565549,0.0273552322163433,0.0238255989124044,0.0168114410115898,20
233,False,False,False,True,True,False,False,False,False,True,False,False,False,False,False,True,False,False,False,False,False,False,False,False,False,True,False,False,False,False,False,False,False,True,False,False,True,False,False,False,False,False,False,True,False,False,True,False,False,False,False,False,False,False,96.08167890200367,6.489542850928848,168897,0.9372245128133456,0.0227956441064079,0.0316955920099521,0.0269359672881498,0.0183610481229528,20
234,False,False,False,True,True,False,False,False,False,False,False,False,True,False,False,True,False,False,False,False,False,False,False,False,False,False,False,False,False,False,True,False,False,True,False,False,False,True,False,False,False,False,False,True,False,False,True,False,False,False,False,False,False,False,90.88754912431,7.139275003585697,209044,0.918291441134327,0.0172762247260015,0.0224789809828252,0.019686834031452,0.014486292202066,20
235,False,False,False,True,True,False,False,False,False,True,False,False,False,False,False,True,False,False,False,False,False,False,False,False,False,False,False,False,False,False,True,False,False,False,True,False,False,False,True,False,False,False,False,False,True,False,True,False,False,False,False,False,False,False,87.35484945127061,6.759029061754378,169524,0.9362558866525104,0.0134634727733686,0.0184679147507768,0.0158469348387503,0.0114781975676072,20
236,False,False,False,True,True,False,False,False,False,True,False,False,False,False,False,True,False,False,False,False,False,False,False,False,False,False,False,False,False,False,True,False,False,True,False,False,False,False,False,False,False,True,False,False,True,False,True,False,False,False,False,False,False,False,91.22870597780872,6.704135059367555,158755,0.9257951677236462,0.0183535026664986,0.0289824263038548,0.0251410508261946,0.0156360721371882,25
237,False,False,False,True,True,False,False,False,True,False,False,False,False,False,False,True,False,False,False,False,False,False,True,False,False,False,False,False,False,False,False,False,False,False,True,False,False,False,False,False,False,True,False,False,False,True,True,False,False,False,False,False,False,False,88.09449935532069,6.130543807661123,143493,0.9456063689014768,0.0148976015946502,0.0179106991948013,0.0161002817407827,0.0129881090167548,35
238,False,True,False,False,False,True,False,False,False,True,False,False,False,False,False,True,False,False,False,False,False,False,False,False,False,False,False,False,False,True,False,False,False,True,False,False,False,False,True,False,False,False,False,True,False,False,True,False,False,False,False,False,False,False,92.03309623543925,6.834809666477396,159146,0.9506749528777506,0.0214217969209288,0.0327510537393969,0.0295311122134038,0.0189089138741916,50
239,False,False,False,True,True,False,False,False,False,True,False,False,False,False,False,True,False,False,False,False,False,False,False,False,False,False,False,False,True,False,False,False,False,True,False,False,True,False,False,False,False,False,False,False,True,False,True,False,False,False,False,False,False,False,92.84537829717976,6.81928917929188,169280,0.9433695289432692,0.0223192141439909,0.0358300100518602,0.0322786425527,0.0188815205866297,40
240,False,True,False,False,False,True,False,False,False,True,False,False,False,False,True,False,False,False,False,False,False,False,True,False,False,False,False,False,False,False,False,False,False,True,False,False,True,False,False,False,False,False,False,False,True,False,False,False,False,False,True,False,False,False,96.4153412386502,6.637334125028815,147892,0.9564831303364808,0.0241050268487024,0.037947904856387,0.033638054951919,0.0199378024743848,35
241,False,False,False,True,True,False,False,False,False,True,False,False,False,False,False,True,False,False,False,False,False,False,False,False,False,False,False,False,False,True,False,False,False,True,False,False,True,False,False,False,False,False,False,True,False,False,False,False,False,False,False,False,False,True,85.68576480019912,6.97544795018206,150842,0.9474816985196488,0.0168457236289577,0.0261122002813471,0.0232867549025783,0.0149372152410346,45
242,False,True,False,False,False,True,False,False,False,True,False,False,False,False,True,False,False,False,False,False,False,False,False,False,False,False,False,False,False,True,False,False,False,True,False,False,True,False,False,False,False,False,False,True,False,False,True,False,False,False,False,False,False,False,85.77867021384618,7.0724003868726815,165620,0.9425265711611778,0.0170802068898547,0.0264396074787939,0.0238477431867808,0.0150791026287058,40
243,False,False,False,True,True,False,False,False,False,True,False,False,False,False,False,True,False,False,False,False,False,False,False,False,True,False,False,False,False,False,False,False,False,True,False,False,True,False,False,False,False,False,False,False,True,False,True,False,False,False,False,False,False,False,85.20754775924297,6.744720023511006,145328,0.9394704549315877,0.0168393263941379,0.0249952266786344,0.0218437683715461,0.0143788514634248,45
244,False,True,False,False,False,True,False,False,False,True,False,False,False,False,False,True,False,False,False,False,False,False,False,False,False,False,False,False,False,False,False,False,True,True,False,False,False,False,False,True,False,False,False,True,False,False,True,False,False,False,False,False,False,False,92.41424229872658,6.670105981231231,146194,0.953917440418559,0.0237776196512555,0.0336994848093558,0.031060461414504,0.020815207834677,55
245,False,True,False,False,False,True,False,False,False,True,False,False,False,True,False,False,False,False,False,False,False,True,False,False,False,False,False,False,False,False,False,False,False,True,False,False,True,False,False,False,False,False,False,True,False,False,True,False,False,False,False,False,False,False,91.10659125716911,6.970842337317789,148829,0.9529035519745878,0.0254579599972705,0.0412843088624338,0.0375491438859494,0.0219487486352565,65
246,False,False,False,True,True,False,False,True,False,False,False,False,False,False,False,True,False,False,False,False,False,False,False,False,True,False,False,False,False,False,False,False,False,True,False,False,True,False,False,False,False,False,False,True,False,False,True,False,False,False,False,False,False,False,54.85457696036937,7.579518666001146,174666,0.955464426751249,0.0114534287866381,0.0168025012860082,0.0151294603489543,0.0097602119551524,20
247,False,False,False,True,True,False,False,False,False,True,False,False,False,False,False,True,False,False,False,False,False,False,True,False,False,False,False,False,False,False,False,False,False,True,False,False,False,False,False,False,False,True,False,True,False,False,False,False,False,False,True,False,False,False,84.24700575529336,6.341881682618336,141866,0.9351485186753168,0.0154188122008062,0.023103039441085,0.0209243709057697,0.013344057723398,45
248,False,False,False,True,True,False,False,False,True,False,False,False,False,False,False,True,False,False,False,False,False,False,False,False,False,False,False,False,False,False,False,False,True,False,True,False,True,False,False,False,False,False,False,True,False,False,True,False,False,False,False,False,False,False,81.6566995681664,6.474416334338514,151043,0.9425511599896264,0.0131573896919879,0.020742459792559,0.0190187330719324,0.0114925503380364,40
249,False,False,False,True,True,False,False,False,False,True,False,False,False,False,False,True,False,False,True,False,False,False,False,False,False,False,False,False,False,False,False,False,False,True,False,False,False,False,False,False,False,True,False,False,False,True,True,False,False,False,False,False,False,False,85.85005064286733,7.03845484445656,146531,0.933410099502948,0.0161987827538422,0.0266703180114638,0.0245438935605106,0.0141227160231376,40
250,False,False,False,True,True,False,False,False,False,True,False,False,False,False,False,True,False,False,False,True,False,False,False,False,False,False,False,False,False,False,False,False,False,False,False,True,False,False,False,False,False,True,False,True,False,False,True,False,False,False,False,False,False,False,87.98903100626788,6.72625496301865,133055,0.9489846496695428,0.0171253155969177,0.0258544245244394,0.0230948378579827,0.0142316330467372,55
251,False,False,False,True,True,False,False,False,False,True,False,False,False,False,False,True,False,False,False,False,False,False,False,False,False,False,False,False,False,True,False,False,False,True,False,False,True,False,False,False,False,False,False,False,True,False,True,False,False,False,False,False,False,False,83.77952556933343,6.885604441155111,159516,0.876912198824395,0.0267767745601326,0.0474693687274292,0.0414081527672797,0.0221927457325522,60
252,False,False,False,True,True,False,False,False,False,True,False,False,False,False,False,True,False,False,False,False,False,False,False,False,True,False,False,False,False,False,False,False,False,True,False,False,False,True,False,False,False,False,False,False,True,False,True,False,False,False,False,False,False,False,98.85308551995072,6.630407403980777,149350,0.9454250899337444,0.0197479358255647,0.027061123446292,0.0238865366748551,0.0165074903418157,20
253,False,False,False,True,True,False,False,False,False,True,False,False,False,False,False,True,False,False,False,False,False,False,False,False,False,True,False,False,False,False,False,False,False,True,False,False,False,False,False,False,False,True,False,False,False,True,True,False,False,False,False,False,False,False,91.42746790639995,6.942578415965707,159990,0.9420492421790162,0.0228437053833879,0.0371817129629629,0.033365434329596,0.0199391147276811,40
254,False,False,False,True,True,False,False,False,False,True,False,False,False,False,False,True,False,False,False,False,False,False,False,False,False,False,False,False,False,True,False,False,False,True,False,False,False,True,False,False,False,False,False,False,True,False,True,False,False,False,False,False,False,False,91.43198163612408,6.676451522642305,152165,0.9576885305770936,0.018358013537205,0.0280184942418325,0.0247415517132779,0.0157661492451919,35
255,False,False,False,True,True,False,False,False,False,True,False,False,False,False,False,True,False,False,True,False,False,False,False,False,False,False,False,False,False,False,False,False,False,True,False,False,False,True,False,False,False,False,False,True,False,False,True,False,False,False,False,False,False,False,88.09647109066402,6.830445714226992,165760,0.943302349635428,0.0174616625199462,0.0261249127351557,0.023806899302931,0.0156717490236835,40
256,False,False,False,True,True,False,False,False,False,True,False,False,False,False,False,True,False,False,False,False,False,False,False,False,False,False,False,False,False,False,False,False,True,False,False,True,False,True,False,False,False,False,False,True,False,False,True,False,False,False,False,False,False,False,87.76483767202598,7.185945057455662,165197,0.945959176894832,0.0236155563691526,0.0397625871336188,0.0363735289640547,0.0206938244047619,85
257,False,True,False,False,False,True,False,True,False,False,False,False,False,False,False,True,False,False,False,False,False,False,False,False,False,False,False,False,False,False,True,False,False,False,True,False,False,True,False,False,False,False,True,False,False,False,False,False,False,False,False,False,True,False,59.46346313625254,7.834243815779889,305016,0.9394304796036368,0.0235122164220626,0.0399270288748215,0.0357940051020408,0.0198370050180566,20
258,False,True,False,False,False,True,False,False,False,True,False,False,False,False,False,True,False,False,False,False,False,False,False,False,False,False,False,False,False,False,True,False,False,False,True,False,True,False,False,False,False,False,False,True,False,False,True,False,False,False,False,False,False,False,99.1871509102452,6.298601613937285,160610,0.9478776336088154,0.0236816611289577,0.0353850741685563,0.0308587844860166,0.0196616551713277,25
259,False,False,False,True,True,False,False,False,False,False,True,False,False,False,False,True,False,False,False,False,False,False,False,False,False,False,False,False,False,False,True,False,False,False,True,False,False,True,False,False,False,False,False,True,False,False,True,False,False,False,False,False,False,False,80.49706947201534,6.991556302158188,166921,0.963549346316497,0.0169827720825984,0.0246061435762576,0.0207232680880994,0.0140514442659779,25
260,False,True,False,False,False,True,False,False,False,True,False,False,False,False,False,True,False,False,False,False,False,False,False,False,False,False,False,False,False,False,True,False,False,True,False,False,False,False,False,False,False,True,False,False,True,False,True,False,False,False,False,False,False,False,92.72112769834908,6.810245350741373,142434,0.9658614829902292,0.0205121593390442,0.0309508882642563,0.0271829989711934,0.0172684332220542,25
261,False,False,False,True,True,False,False,False,False,True,False,False,False,False,False,True,False,False,False,False,False,False,False,False,False,False,False,False,True,False,False,False,False,False,True,False,False,True,False,False,False,False,False,False,True,False,True,False,False,False,False,False,False,False,90.13582912181288,6.774204115016248,151024,0.95483502878929,0.016232655292055,0.0248161041036785,0.0212977889844209,0.0137311724458301,25
262,False,False,False,True,True,False,False,False,False,True,False,False,False,False,False,True,False,False,False,False,False,False,False,False,False,True,False,False,False,False,False,False,False,False,True,False,True,False,False,False,False,False,False,False,False,True,False,False,True,False,False,False,False,False,90.35509419156708,6.832775965357233,171401,0.9083486018054072,0.0164094814237423,0.0225740373309817,0.0196498448916603,0.013627094356261,35
263,False,False,False,True,True,False,False,True,False,False,False,False,False,False,False,True,False,False,False,False,False,False,False,False,False,False,False,False,False,True,False,False,False,False,False,True,True,False,False,False,False,False,False,True,False,False,False,False,False,False,False,False,True,False,53.183756682787,7.564992274256709,193721,0.8896843630153748,0.0195171432770639,0.0334082465933904,0.0292413502823969,0.0158611235775174,40
264,False,False,False,True,True,False,False,False,True,False,False,False,False,False,False,True,False,False,False,False,False,False,False,False,False,False,False,False,False,False,True,False,False,False,True,False,False,False,False,False,False,True,False,False,False,True,False,False,False,False,False,False,True,False,81.06546037115133,7.117244287135925,158964,0.948787203009153,0.0129022384416729,0.018830834803057,0.0163961948591164,0.0108005827716889,25
265,False,False,False,True,True,False,False,False,False,True,False,False,False,False,False,True,False,False,False,False,False,False,False,False,False,False,False,False,False,False,True,False,False,False,True,False,True,False,False,False,False,False,False,False,True,False,False,False,True,False,False,False,False,False,84.12226654628294,6.735714128617625,168483,0.9168910770829876,0.0157852589338204,0.0228351757369614,0.0191782538632737,0.012668001228269,30
266,False,False,False,True,True,False,False,False,True,False,False,False,False,False,False,True,False,False,False,False,False,False,False,False,False,False,False,False,False,False,True,False,False,True,False,False,False,False,False,False,False,True,True,False,False,False,False,False,False,False,False,False,True,False,82.03181529850482,7.031893655261248,158117,0.9501364815825976,0.0141950539861006,0.0192960285966238,0.0164021820147812,0.0120971710443436,25
267,False,False,False,True,True,False,False,True,False,False,False,False,False,False,False,True,False,False,False,False,False,False,False,False,False,False,False,False,False,False,True,False,False,True,False,False,False,True,False,False,False,False,False,True,False,False,False,False,False,False,False,False,True,False,47.80613265621128,7.626381413423712,192303,0.8976968193648193,0.0201914774397413,0.0336958761127908,0.0287112819664903,0.0172494055492567,35
268,False,False,False,True,True,False,False,False,True,False,False,False,False,False,True,False,False,False,False,False,False,False,False,False,False,False,False,False,False,False,True,False,False,True,False,False,False,True,False,False,False,False,False,True,False,False,True,False,False,False,False,False,False,False,89.04085647804273,6.680897150470383,184314,0.9504249710762052,0.0143214403817082,0.0168070941725455,0.0148063999905517,0.012053702653901,20
269,False,False,False,True,True,False,False,False,True,False,False,False,False,False,False,True,False,False,False,False,False,False,False,False,False,False,False,False,False,False,False,False,True,True,False,False,False,False,False,False,False,True,False,False,False,True,True,False,False,False,False,False,False,False,78.03362234712883,7.058881605893022,148851,0.7264656473350385,0.0265293327979339,0.0421553169879062,0.0354034457147056,0.0195616778733098,55
270,False,True,False,False,False,True,False,False,True,False,False,False,False,False,False,True,False,False,False,False,True,False,False,False,False,False,False,False,False,False,False,False,False,False,True,False,True,False,False,False,False,False,False,False,True,False,True,False,False,False,False,False,False,False,86.54331032792001,6.822698323488682,176828,0.9009035073352883,0.0306391460905349,0.0466618408551692,0.0414704847988578,0.0252521002614008,50
271,False,False,False,True,True,False,False,False,True,False,False,False,False,False,False,True,False,False,True,False,False,False,False,False,False,False,False,False,False,False,False,False,False,True,False,False,False,False,False,False,False,True,False,True,False,False,True,False,False,False,False,False,False,False,79.96054926821267,7.10910400819755,177869,0.8873775974066864,0.025294010351054,0.0400301227744184,0.0348362242273452,0.0210562523620559,70
272,False,False,False,True,True,False,False,False,True,False,False,False,False,False,False,True,False,False,False,False,True,False,False,False,False,False,False,False,False,False,False,False,False,False,True,False,True,False,False,False,False,False,False,False,True,False,False,False,False,True,False,False,False,False,86.83333181118003,6.564098529150029,165328,0.8726982365197664,0.0240299003474846,0.0334358859284454,0.0283887957189048,0.0183482536533131,40
273,False,True,False,False,False,True,False,False,True,False,False,False,False,False,False,True,False,False,False,False,False,False,False,False,False,False,False,False,False,False,True,False,False,True,False,False,False,True,False,False,False,False,False,True,False,False,False,False,False,True,False,False,False,False,80.44887910967273,6.95347206215487,186351,0.8701091855761623,0.0264316519431846,0.038303607515537,0.0320082363578147,0.0206569992966322,40
274,False,False,False,True,True,False,False,False,False,False,False,False,False,False,False,True,False,False,False,False,False,False,False,False,True,False,False,False,False,False,False,False,False,False,True,False,False,False,False,True,False,False,False,True,False,False,True,False,False,False,False,False,False,False,66.17066001420656,7.262269649269564,162765,0.8929396267093301,0.0162969557035777,0.0233782845700008,0.0194534169763584,0.0129690813439573,20
275,False,True,False,False,False,True,False,False,True,False,False,False,False,False,False,True,False,False,False,False,True,False,False,False,False,False,False,False,False,False,False,False,False,False,True,False,False,False,False,False,False,True,False,True,False,False,False,False,False,True,False,False,False,False,85.60856375214587,6.763741134069004,154197,0.908487752162947,0.0315506700365331,0.0474391869016124,0.0407385755228017,0.0245207650961619,45
276,False,True,False,False,False,True,False,False,False,True,False,False,False,False,False,True,False,False,False,False,False,False,False,False,False,False,False,False,False,False,False,True,False,False,False,True,False,True,False,False,False,False,False,True,False,False,True,False,False,False,False,False,False,False,86.23982430789755,7.58948550104074,156986,0.92947295170569,0.0312024308180062,0.046433344749937,0.0415379018119593,0.0265760818216175,60
277,False,False,False,True,True,False,False,False,False,True,False,False,False,False,False,True,False,False,False,False,False,False,False,False,False,False,False,False,True,False,False,False,False,False,True,False,True,False,False,False,False,False,False,True,False,False,True,False,False,False,False,False,False,False,85.275581565344,6.772368290189144,166265,0.8982941680190613,0.0262830392573696,0.0409958591847232,0.0344753545708406,0.0203477175978416,40
278,False,False,False,True,True,False,False,False,False,True,False,False,False,False,False,True,False,False,False,False,False,False,True,False,False,False,False,False,False,False,False,False,False,True,False,False,False,False,True,False,False,False,False,True,False,False,True,False,False,False,False,False,False,False,77.70592904742159,7.5802029823334305,175236,0.9062123076064637,0.0244464587532543,0.0392184941106072,0.0351181946544049,0.0203913500199462,90
279,False,False,False,True,True,False,False,False,False,True,False,False,False,False,False,True,False,False,False,False,False,False,False,False,False,True,False,False,False,False,False,False,False,True,False,False,True,False,False,False,False,False,True,False,False,False,True,False,False,False,False,False,False,False,92.30501745523289,6.567900620724271,172777,0.936018441546172,0.0197681937358276,0.0255560509311749,0.0216970420498446,0.0160143291498698,25
280,False,False,False,True,True,False,False,False,True,False,False,False,False,False,False,True,False,False,False,False,False,False,False,False,False,True,False,False,False,False,False,False,False,True,False,False,False,False,False,False,False,True,False,True,False,False,True,False,False,False,False,False,False,False,80.5621033311169,7.098535267718411,167019,0.9040368875387732,0.0193513072667338,0.0287969064940791,0.02419696659528,0.016201325244604,25
281,False,True,False,False,False,True,False,False,False,True,False,False,False,False,False,True,False,False,False,False,False,False,False,False,False,False,False,False,False,False,False,True,False,False,True,False,False,False,False,False,False,True,False,False,True,False,True,False,False,False,False,False,False,False,85.5230895440491,7.362776156113742,179599,0.9304185947009708,0.0295193019337364,0.0468829555356093,0.0423659336419753,0.0247427819507432,80
282,False,False,False,True,True,False,False,False,True,False,False,False,False,False,False,True,False,False,False,False,False,False,False,False,False,True,False,False,False,False,False,False,False,True,False,False,False,False,True,False,False,False,False,True,False,False,True,False,False,False,False,False,False,False,72.17243225177498,7.186963743142337,161341,0.8885721649975531,0.0198116621262702,0.0283517245632821,0.022830500834593,0.0153014475466112,25
283,False,True,False,False,False,True,False,False,False,True,False,False,False,False,False,True,False,False,False,False,False,False,False,False,False,False,False,False,False,False,True,False,False,False,True,False,True,False,False,False,False,False,False,True,False,False,True,False,False,False,False,False,False,False,73.22200295297634,7.156958022284619,174119,0.9007767973413074,0.0215576151371042,0.0316854220469051,0.026367515563324,0.0171714905097841,20
284,False,True,False,False,False,True,False,False,False,True,False,False,False,False,False,True,False,False,False,True,False,False,False,False,False,False,False,False,False,False,False,False,False,True,False,False,False,False,False,False,False,True,False,True,False,False,True,False,False,False,False,False,False,False,94.73000406755922,7.433011168036431,149429,0.9359103817367036,0.0331988601767867,0.046864830036953,0.0407180715650457,0.0269854228342571,55
285,False,False,False,True,True,False,False,False,False,True,False,False,False,False,False,True,False,False,False,False,False,False,False,False,False,False,False,False,False,False,True,False,False,False,True,False,False,False,False,False,False,True,False,False,True,False,True,False,False,False,False,False,False,False,88.88572377169953,6.749788155774253,149727,0.9128631248344607,0.0170756140033173,0.0232046570557235,0.018841414845259,0.013154273090409,20
286,False,True,False,False,False,True,False,False,False,True,False,False,False,False,True,False,False,False,False,False,False,False,False,False,False,False,False,False,False,True,False,False,False,True,False,False,True,False,False,False,False,False,False,True,False,False,True,False,False,False,False,False,False,False,88.11332971921466,7.1913328608207205,180499,0.9073925166462206,0.0247878086419753,0.0356101256088855,0.0285732493228773,0.0195046768707483,20
287,False,False,False,True,True,False,False,False,False,True,False,False,False,False,True,False,False,False,False,False,False,False,False,False,False,True,False,False,False,False,False,False,False,True,False,False,False,False,False,False,False,True,False,True,False,False,True,False,False,False,False,False,False,False,85.10169617894321,6.963047338070609,135768,0.7506489675043239,0.0175091770247193,0.0276491769547325,0.024293417212564,0.0140023987990257,25
288,False,False,False,True,True,False,False,False,False,True,False,False,False,False,False,True,False,False,False,False,False,False,True,False,False,False,False,False,False,False,False,False,False,True,False,False,False,False,False,False,False,True,False,False,True,False,False,False,False,False,False,False,True,False,73.10858479393899,7.377673612114091,132873,0.9094772041104092,0.0242491286638112,0.0440229814919795,0.0373424639917695,0.0193896086598219,95
289,False,True,False,False,False,True,False,False,False,True,False,False,False,False,True,False,False,False,False,False,False,False,True,False,False,False,False,False,False,False,False,False,False,False,True,False,False,False,False,False,False,True,False,True,False,False,True,False,False,False,False,False,False,False,96.8470583691006,6.719148822637015,135410,0.5644909641721829,0.0357394372357996,0.0587464088001455,0.0465847733126172,0.0268405008608381,70
290,False,False,False,True,True,False,False,False,False,True,False,False,False,False,False,True,False,False,False,False,False,False,True,False,False,False,False,False,False,False,False,False,False,True,False,False,True,False,False,False,False,False,True,False,False,False,True,False,False,False,False,False,False,False,72.77811983764062,6.942082073792843,121329,0.7053343030663515,0.0266852175540998,0.0488056526622994,0.0426364218526916,0.0213561569174995,80
291,False,True,False,False,False,True,False,False,False,True,False,False,False,False,False,True,False,False,False,False,False,False,True,False,False,False,False,False,False,False,False,False,False,True,False,False,True,False,False,False,False,False,False,False,True,False,True,False,False,False,False,False,False,False,89.80673286034506,7.359470083453661,143427,0.6631600089754933,0.0374240424050278,0.0687590108059684,0.0608098177542621,0.0313602292768959,95
292,False,False,False,True,True,False,False,False,False,True,False,False,False,False,False,True,False,False,False,False,False,False,False,False,False,False,False,False,True,False,False,False,False,False,True,False,True,False,False,False,False,False,False,True,False,False,True,False,False,False,False,False,False,False,83.2649567445061,6.865657323240658,154209,0.618018828037104,0.030405783712662,0.054951153558131,0.0476451833305338,0.0244364528218694,95
293,False,False,False,True,True,False,False,False,False,True,False,False,False,False,False,True,False,False,False,False,False,False,False,False,True,False,False,False,False,False,False,False,False,True,False,False,False,False,False,False,False,True,False,False,False,True,True,False,False,False,False,False,False,False,87.00748247855599,6.317447302490797,136998,0.4989017810079108,0.0297222090996892,0.0528093374695557,0.0401481708938719,0.02049980228717,90
294,False,True,False,False,False,True,False,False,False,True,False,False,False,False,False,True,True,False,False,False,False,False,False,False,False,False,False,False,False,False,False,False,False,True,False,False,False,True,False,False,False,False,False,False,True,False,True,False,False,False,False,False,False,False,89.06254351799409,6.859984877830048,136871,0.5631592430936956,0.032074751196775,0.0544161916309733,0.0443463972523165,0.0248269575319839,80
295,False,True,False,False,False,True,False,False,False,True,False,False,False,False,False,True,False,True,False,False,False,False,False,False,False,False,False,False,False,False,False,False,False,False,True,False,False,False,True,False,False,False,False,True,False,False,True,False,False,False,False,False,False,False,85.308560099903,7.123202313436056,132332,0.6712562554767195,0.0395797465076565,0.0733763927381652,0.0623863807354217,0.0309432607919711,90
296,False,False,False,True,True,False,False,False,False,True,False,False,False,False,False,True,False,False,False,False,False,False,False,False,False,True,False,False,False,False,False,False,False,True,False,False,False,False,False,False,False,True,False,False,True,False,True,False,False,False,False,False,False,False,86.4355958317564,6.781543143033973,125289,0.6547013101761704,0.0324457908163265,0.0572875111978948,0.0484550623232832,0.0249047085397945,85
297,False,False,False,True,True,False,False,False,False,True,False,False,False,False,False,True,False,False,False,False,False,False,False,False,False,False,False,False,True,False,False,False,False,True,False,False,True,False,False,False,False,False,False,True,False,False,True,False,False,False,False,False,False,False,85.6165223943866,6.788397287944262,160554,0.5736351312275855,0.0331234602894655,0.0612823382954004,0.050969995765796,0.0253404859886341,90
298,False,False,False,True,True,False,False,False,False,True,False,False,False,False,False,True,False,False,False,False,False,False,False,False,False,False,False,False,True,False,False,False,False,False,True,False,False,False,False,False,False,True,False,True,False,False,True,False,False,False,False,False,False,False,87.42844827438643,6.948696367306932,127601,0.6592116136016154,0.0320953098317516,0.0599221877537023,0.0517216981957392,0.0258406732034377,95
299,False,False,False,True,True,False,False,False,False,True,False,False,False,False,True,False,False,False,False,False,False,False,False,False,False,True,False,False,False,False,False,False,False,True,False,False,True,False,False,False,False,False,False,True,False,False,True,False,False,False,False,False,False,False,90.44179748713049,6.777604992782791,141676,0.5265930478387695,0.0256205427129699,0.0401970523291621,0.0319435258671369,0.018907820329778,30
300,False,True,False,False,False,True,False,False,False,True,False,False,False,False,False,True,False,False,False,False,True,False,False,False,False,False,False,False,False,False,False,False,False,False,True,False,False,False,False,False,False,True,False,True,False,False,False,False,False,False,True,False,False,False,82.58926103556712,7.216903598816559,146856,0.5794950677579956,0.0404137928319475,0.0728197786316172,0.0648472930839002,0.0334580848800425,90
301,False,False,False,True,True,False,False,False,False,True,False,False,False,False,False,True,False,False,False,False,False,False,True,False,False,False,False,False,False,False,False,False,False,True,False,False,False,False,False,False,False,True,False,True,False,False,True,False,False,False,False,False,False,False,82.65945112060926,7.345942090083223,127204,0.6996342429053315,0.029262592382632,0.0535480267209764,0.0483191347526665,0.0250695056829316,90
302,False,True,False,False,False,True,False,False,False,True,False,False,False,False,False,True,False,False,False,False,False,False,True,False,False,False,False,False,False,False,False,False,False,True,False,False,True,False,False,False,False,False,False,False,True,False,True,False,False,False,False,False,False,False,81.68416203249814,7.670294711622567,151295,0.6820853858826427,0.0329890636810279,0.0606990417051594,0.0551923894557823,0.0277349108367626,90
303,False,True,False,False,False,True,False,False,False,True,False,False,False,False,False,True,True,False,False,False,False,False,False,False,False,False,False,False,False,False,False,False,False,True,False,False,True,False,False,False,False,False,False,False,True,False,False,False,False,False,False,False,True,False,87.55395466116406,6.84790740553634,148407,0.6113893399867478,0.0421757115912208,0.0724195413762212,0.0600559282354917,0.0319077669648106,80
304,False,True,False,False,False,True,False,False,False,True,False,False,False,False,False,True,False,False,False,False,False,False,False,False,False,False,False,True,False,False,False,False,False,True,False,False,False,True,False,False,False,False,False,True,False,False,True,False,False,False,False,False,False,False,90.72611004551474,7.455730531384271,148539,0.6915779469504947,0.0356427679096329,0.0594466052882058,0.0528407221942274,0.030063066893424,90
305,False,True,False,False,False,True,False,False,False,True,False,False,False,False,False,True,False,False,False,False,False,False,True,False,False,False,False,False,False,False,False,False,False,True,False,False,False,False,False,False,False,True,False,False,True,False,True,False,False,False,False,False,False,False,87.96152615927981,7.054377137124744,155154,0.5961625921140806,0.0395802932798633,0.0697883641625374,0.0582425035343355,0.0300064212927969,95
306,False,False,False,True,True,False,False,True,False,False,False,False,False,False,False,True,False,False,False,False,False,False,False,False,False,True,False,False,False,False,False,False,False,True,False,False,False,False,False,False,False,True,False,True,False,False,True,False,False,False,False,False,False,False,59.26645757499943,7.826627873082021,321330,0.9577010145008764,0.013133605100991,0.0178702653901066,0.0161159467645082,0.0110052942859242,45
307,False,True,False,False,False,True,False,False,True,False,False,False,False,False,False,True,False,False,False,False,True,False,False,False,False,False,False,False,False,False,False,False,False,True,False,False,True,False,False,False,False,False,False,False,True,False,True,False,False,False,False,False,False,False,83.21126304503703,6.716346321382517,186538,0.9420503193980888,0.0137470015012177,0.0171733768738977,0.0157255514088351,0.0123173015348114,25
308,False,False,False,True,True,False,False,False,False,False,False,False,False,False,False,True,False,False,False,False,False,False,False,False,False,True,False,False,False,False,False,False,False,False,True,False,False,False,True,False,False,False,False,True,False,False,False,False,False,True,False,False,False,False,78.00480299480775,7.23899173696598,141697,0.9623128986712404,0.0120506680681531,0.0147159365289325,0.0138019521080036,0.0107781104339884,0
309,False,False,False,True,True,False,False,False,False,True,False,False,False,False,False,True,False,False,False,False,False,False,False,False,False,True,False,False,False,False,False,False,False,True,False,False,True,False,False,False,False,False,False,True,False,False,True,False,False,False,False,False,False,False,77.15765247133879,7.67105861471544,162599,0.9648889233511072,0.0152232864596455,0.0230609653197698,0.0213572504619131,0.01355811904237,65
310,False,True,False,False,False,True,False,False,False,True,False,False,False,False,False,True,False,False,False,False,False,False,False,False,False,True,False,False,False,False,False,False,False,True,False,False,False,False,False,False,False,True,False,True,False,False,True,False,False,False,False,False,False,False,90.4176679034062,7.096475803401911,168830,0.939394979685122,0.0165285684103888,0.0238174793451331,0.021636432350718,0.0146168614050558,50
311,False,True,False,False,False,True,False,False,False,True,False,False,False,False,False,True,False,False,False,False,False,False,False,False,False,True,False,False,False,False,False,False,False,False,True,False,False,True,False,False,False,False,False,True,False,False,False,False,False,False,True,False,False,False,75.02050315012636,7.381046300829771,198358,0.9546027795287132,0.0153951916414714,0.0193426956044763,0.0172213561350466,0.0128663155076845,35
312,False,True,False,False,False,True,False,True,False,False,False,False,False,False,False,True,False,False,False,True,False,False,False,False,False,False,False,False,False,False,False,False,False,False,False,True,False,False,True,False,False,False,False,False,True,False,True,False,False,False,False,False,False,False,51.52795126668744,7.956159163584529,418629,0.9243467203090486,0.0140566112633324,0.0194489881214831,0.0178746942449819,0.012005395329428,35
313,False,False,False,True,True,False,False,False,False,True,False,False,False,False,False,True,False,False,False,False,False,False,True,False,False,False,False,False,False,False,False,False,False,False,True,False,False,True,False,False,False,False,False,True,False,False,True,False,False,False,False,False,False,False,91.44244584771585,6.744237609192872,169133,0.9287988522373058,0.0152656886442848,0.0197327628968253,0.0177362515222138,0.0134058976599899,25
314,False,False,False,True,True,False,False,True,False,False,False,False,False,False,False,True,False,False,False,False,False,False,False,False,False,True,False,False,False,False,False,False,False,True,False,False,False,False,False,False,False,True,False,False,True,False,True,False,False,False,False,False,False,False,72.81535545822635,7.343120129558859,325047,0.9585031696377332,0.0109244266765348,0.014338007579575,0.0130443718768371,0.0098511675117577,25
315,False,False,False,True,True,False,False,False,False,False,False,False,False,False,False,True,False,False,False,False,False,False,False,False,False,True,False,False,False,False,False,False,False,True,False,False,False,False,False,False,False,True,False,False,True,False,True,False,False,False,False,False,False,False,85.84981320023147,6.782408126806756,155867,0.956725874763243,0.0150339939216427,0.0195025444591416,0.0173449539923994,0.0130713550852439,25
316,False,True,False,False,False,True,False,False,False,False,False,False,False,False,False,True,True,False,False,False,False,False,False,False,False,False,False,False,False,False,False,False,False,True,False,False,False,False,False,False,False,True,False,True,False,False,True,False,False,False,False,False,False,False,95.74668961724969,6.670344208156107,179893,0.9218617130832384,0.017426559744268,0.0231435552616108,0.0210961120559334,0.0154172539000167,20
317,False,False,False,True,True,False,False,False,False,True,False,False,False,False,True,False,False,False,False,False,False,False,False,False,False,True,False,False,False,False,False,False,False,True,False,False,False,False,False,False,False,True,False,False,True,False,True,False,False,False,False,False,False,False,82.78620001104777,6.8009291293828245,185737,0.895901678204989,0.0128690220301083,0.0187061707399009,0.0169999954071134,0.0116311570924666,30
318,False,True,False,False,False,True,False,False,False,True,False,False,False,False,False,True,False,False,False,False,False,False,False,False,False,True,False,False,False,False,False,False,False,True,False,False,False,False,False,False,False,True,False,True,False,False,True,False,False,False,False,False,False,False,66.02248452223742,7.611340719442166,155468,0.7546092839201984,0.0246656597309705,0.0379403047227121,0.0347505450225357,0.0192665028974552,30
319,False,True,False,False,False,True,False,True,False,False,False,False,False,False,False,True,False,False,False,False,False,False,False,False,False,True,False,False,False,False,False,False,False,True,False,False,True,False,False,False,False,False,False,False,False,True,True,False,False,False,False,False,False,False,78.41371591555956,7.847950764834632,290253,0.9513504405466116,0.0191857173038968,0.0282082788748215,0.0258502417170571,0.017447227733686,30
320,False,False,False,True,True,False,False,False,False,True,False,False,False,False,False,True,False,False,False,False,False,False,False,False,False,True,False,False,False,False,False,False,False,True,False,False,False,False,False,False,False,True,True,False,False,False,True,False,False,False,False,False,False,False,92.59242916025926,6.8451014755790265,159072,0.6481407552619673,0.0237260863707622,0.0368266390918507,0.0326184614792419,0.019401555632541,30
321,False,True,False,False,False,True,False,False,False,True,False,False,False,True,False,False,False,False,False,False,False,False,False,False,False,True,False,False,False,False,False,False,False,True,False,False,False,False,False,False,False,True,False,False,True,False,True,False,False,False,False,False,False,False,95.38224526322858,6.864175394033719,171182,0.9425769032644838,0.0156979120737801,0.019890315308222,0.0179895164084152,0.0137677515064667,30
322,False,False,False,True,True,False,False,False,False,True,False,False,False,False,False,True,False,False,False,False,False,False,False,False,False,True,False,False,False,False,False,False,False,True,False,False,True,False,False,False,False,False,False,False,True,False,True,False,False,False,False,False,False,False,94.40380365469126,6.789236324147804,150658,0.7812220650323465,0.0178120888273004,0.0250556176688782,0.0227476921838694,0.0149559695277287,35
323,False,False,False,True,True,False,False,False,False,True,False,False,False,False,False,True,False,False,False,False,False,False,False,False,False,True,False,False,False,False,False,False,False,True,False,False,False,True,False,False,False,False,False,False,True,False,True,False,False,False,False,False,False,False,89.6750467756703,6.7441775192815445,166477,0.9478790183410328,0.01603917994667,0.0196474664325606,0.0174896299183253,0.0133871160346854,30
324,False,True,False,False,False,True,False,False,False,True,False,False,False,False,False,True,False,False,False,False,False,False,False,False,False,True,False,False,False,False,False,False,False,True,False,False,True,False,False,False,False,False,False,True,False,False,True,False,False,False,False,False,False,False,99.32252191209798,6.864057713690229,151389,0.810892626501418,0.0264128156406595,0.0388491494848968,0.0348650391226449,0.0216794086461745,35
325,False,True,False,False,False,True,False,False,False,True,False,False,False,False,False,True,False,False,False,False,False,False,False,False,False,True,False,False,False,False,False,False,False,True,False,False,True,False,False,False,False,False,True,False,False,False,True,False,False,False,False,False,False,False,89.6750467756703,6.7441775192815445,166477,0.9478790183410328,0.01603917994667,0.0196474664325606,0.0174896299183253,0.0133871160346854,30
326,False,True,False,False,False,True,False,False,False,True,False,False,False,False,False,True,False,False,False,False,False,False,False,False,False,True,False,False,False,False,False,False,False,True,False,False,True,False,False,False,False,False,False,False,True,False,True,False,False,False,False,False,False,False,95.24329789401024,6.907943117194087,169609,0.937454923267788,0.0199929991286638,0.0271446975781053,0.0245951534549004,0.0177124669312169,30
327,False,True,False,False,False,True,False,False,False,True,False,False,False,False,False,True,False,False,False,False,False,False,False,False,False,False,False,False,True,False,False,False,False,True,False,False,False,False,False,False,False,True,False,False,True,False,True,False,False,False,False,False,False,False,96.14870377204444,6.980687657656106,165690,0.6472002131017695,0.0295197940287226,0.0485698844867164,0.0411576217421124,0.0233362377872959,40
328,False,False,False,True,True,False,False,False,False,True,False,False,False,False,False,True,False,False,False,False,False,False,False,False,False,True,False,False,False,False,False,False,False,True,False,False,True,False,False,False,False,False,True,False,False,False,True,False,False,False,False,False,False,False,81.96953196328249,6.724689321738774,140536,0.6783867359773782,0.0303115201842053,0.0521787997606449,0.0432785511323871,0.0229198160745779,65
329,False,False,False,True,True,False,False,False,False,True,False,False,False,False,False,True,False,False,False,False,False,False,False,False,False,True,False,False,False,False,False,False,False,False,True,False,False,True,False,False,False,False,False,False,True,False,True,False,False,False,False,False,False,False,82.64203913123458,7.327855757639808,141546,0.7597355438091478,0.018691845308082,0.0312330500615884,0.0273672612048934,0.015280205446376,40
330,False,True,False,False,False,True,False,False,False,True,False,False,False,False,False,True,False,False,False,False,False,False,False,False,False,False,False,False,False,True,False,False,False,True,False,False,False,False,False,False,True,False,True,False,False,False,False,False,False,False,False,False,True,False,77.3737654529716,7.414366545959346,139420,0.7117215428005742,0.032410906749531,0.0559923171943674,0.0490882245387867,0.0257148062414266,65
331,False,False,False,True,True,False,False,False,False,True,False,False,False,False,False,True,False,False,False,False,False,False,False,False,False,False,False,False,False,True,False,False,False,False,False,True,True,False,False,False,False,False,False,False,False,True,True,False,False,False,False,False,False,False,80.27963883782408,7.4966757577033665,138678,0.6924449167269314,0.0301129325186864,0.0537682665658856,0.0452367611139105,0.0236419928053525,75
332,False,False,False,True,True,False,False,False,False,True,False,False,False,False,False,True,False,False,False,False,False,False,False,False,False,False,False,False,False,True,False,False,False,False,True,False,False,True,False,False,False,False,True,False,False,False,True,False,False,False,False,False,False,False,71.52734290195374,7.095177325554775,126965,0.8057705542636848,0.0279521981117549,0.050010738606142,0.0447206081506676,0.0225501980627642,70
333,False,True,False,False,False,True,False,False,False,True,False,False,False,False,False,True,False,False,False,False,False,False,False,False,False,True,False,False,False,False,False,False,False,True,False,False,False,False,False,False,False,True,False,False,True,False,True,False,False,False,False,False,False,False,91.8322091796735,6.088741280228961,147992,0.5546087446039101,0.0221111399806836,0.0369004533397721,0.0268918974482797,0.0143733290641359,35
334,False,False,False,True,True,False,False,False,False,True,False,False,False,False,False,True,False,False,False,False,False,False,False,False,False,False,False,False,True,False,False,False,False,True,False,False,False,True,False,False,False,False,True,False,False,False,True,False,False,False,False,False,False,False,78.31625709602346,6.655615290786585,136031,0.6852326507430181,0.0316924480697628,0.0567335215979395,0.0483363033999608,0.0236884684429327,60
335,False,False,False,True,True,False,False,False,False,True,False,False,False,False,False,True,False,False,False,False,False,False,False,False,False,True,False,False,False,False,False,False,False,True,False,False,False,False,False,False,False,True,True,False,False,False,True,False,False,False,False,False,False,False,90.13403330139346,7.326875275073915,152511,0.7595894173801327,0.0246436794882562,0.0428957012331681,0.0389637529394473,0.0215479646076537,65
336,False,False,False,True,True,False,False,False,False,True,False,False,False,False,False,True,False,False,False,False,False,False,False,False,False,True,False,False,False,False,False,False,False,True,False,False,False,False,False,False,True,False,False,True,False,False,True,False,False,False,False,False,False,False,73.60311229194406,6.424424371142763,120493,0.7432110444979547,0.0226233561840374,0.035398032669858,0.0297042749713053,0.0164253651563506,40
337,False,False,False,True,True,False,False,False,False,True,False,False,False,False,False,True,False,False,False,False,False,False,False,False,False,True,False,False,False,False,False,False,False,True,False,False,True,False,False,False,False,False,False,True,False,False,True,False,False,False,False,False,False,False,89.7441728031361,6.483017364776687,141772,0.5201045117078057,0.0243298322415385,0.0386285815766635,0.032150861887965,0.0178152601061,25
338,False,True,False,False,False,True,False,False,False,True,False,False,False,False,True,False,False,False,False,False,False,False,False,True,False,False,False,False,False,False,False,False,False,True,False,False,True,False,False,False,False,False,True,False,False,False,True,False,False,False,False,False,False,False,71.45035121636022,7.604164038911539,173590,0.7734629146040781,0.025957901164581,0.0441487937767699,0.0396956622155034,0.0200556045463452,80
339,False,False,False,True,True,False,False,False,False,True,False,False,False,False,False,True,False,False,False,False,False,False,False,False,True,False,False,False,False,False,False,False,False,True,False,False,False,False,False,False,False,True,False,True,False,False,True,False,False,False,False,False,False,False,91.86285114076811,6.496806559537897,149331,0.519667242726798,0.026740113483665,0.0447557109263458,0.0349601774866325,0.0192643158086279,55
340,False,True,False,False,False,True,False,False,False,True,False,False,False,True,False,False,True,False,False,False,False,False,False,False,False,False,False,False,False,False,False,False,False,False,True,False,True,False,False,False,False,False,False,True,False,False,True,False,False,False,False,False,False,False,89.65264000683536,7.007292708078352,144108,0.8250708125991407,0.021211918409339,0.0327604035441337,0.0299361063869992,0.0185728676758769,45
341,False,False,False,True,True,False,False,False,False,True,False,False,False,False,False,True,False,False,False,False,False,False,False,False,False,False,False,False,False,True,False,False,False,True,False,False,False,False,True,False,False,False,False,False,True,False,True,False,False,False,False,False,False,False,86.52582383323843,7.46334180129182,145985,0.702907052593538,0.029254500153971,0.052378043552812,0.0478843414937991,0.0247290853069622,85
342,False,False,False,True,True,False,False,False,False,True,False,False,False,False,False,True,False,False,False,False,False,False,False,False,False,True,False,False,False,False,False,False,False,True,False,False,True,False,False,False,False,False,False,False,True,False,True,False,False,False,False,False,False,False,78.13426075290536,7.355390587030033,134074,0.6332045232687795,0.0304510564513871,0.0591032323423196,0.0503125568643095,0.0239218308208056,80
343,False,False,False,True,True,False,False,False,False,True,False,False,False,False,False,True,False,False,False,False,False,False,False,False,False,False,False,False,False,True,False,False,False,False,True,False,True,False,False,False,False,False,False,False,False,True,True,False,False,False,False,False,False,False,98.80941180093652,6.461974829937342,154263,0.5549137835763286,0.0297780892192267,0.0475621833095378,0.0390887450659276,0.0224498106855911,35
344,False,True,False,False,False,True,False,False,False,True,False,False,False,False,False,True,True,False,False,False,False,False,False,False,False,False,False,False,False,False,False,False,False,False,False,True,False,False,False,False,True,False,False,False,True,False,True,False,False,False,False,False,False,False,86.83895642458525,7.1608799690108205,146910,0.7321346081012465,0.0190170654167016,0.0287929150569692,0.025604686318972,0.0158112306136446,20
345,False,False,False,True,True,False,False,False,False,True,False,False,False,False,False,True,False,False,False,False,False,False,False,False,False,False,False,False,True,False,False,False,False,True,False,False,False,False,False,False,False,True,False,True,False,False,True,False,False,False,False,False,False,False,81.40441205227687,6.38751271571825,159855,0.6001522388563806,0.0201155307802133,0.0353007072170431,0.0248209430377089,0.0131905514263318,25
346,False,False,False,True,True,False,False,False,False,False,False,False,False,False,False,True,False,False,False,False,False,False,False,False,False,True,False,False,False,False,False,False,False,True,False,False,False,True,False,False,False,False,False,False,True,False,True,False,False,False,False,False,False,False,78.50049911011936,6.357393244206705,137996,0.5631809896968839,0.0237019190392206,0.0384895920816886,0.0301281327860362,0.0170167539752526,25
347,False,False,False,True,True,False,False,False,False,True,False,False,False,False,False,True,False,False,False,False,False,False,False,False,False,False,False,False,True,False,False,False,False,True,False,False,True,False,False,False,False,False,False,False,True,False,True,False,False,False,False,False,False,False,81.65956642254216,6.9606856037724185,148337,0.5917583490134073,0.0236005474720752,0.0409079655524761,0.0361246929327286,0.019155289430587,75
348,False,False,False,True,True,False,False,False,False,True,False,False,False,False,False,True,False,False,False,False,False,False,False,False,False,True,False,False,False,False,False,False,False,False,True,False,False,True,False,False,False,False,False,True,False,False,True,False,False,False,False,False,False,False,91.50999470838012,7.069407977696635,159935,0.6596759149996028,0.0225353258587385,0.0374690964348702,0.0324841742252456,0.0191239047059152,45
349,False,False,False,True,True,False,False,False,False,True,False,False,False,False,False,True,False,False,False,False,False,False,False,False,False,True,False,False,False,False,False,False,False,False,True,False,False,True,False,False,False,False,False,False,True,False,True,False,False,False,False,False,False,False,74.81704566146621,7.530262773829333,169267,0.904526051637502,0.0245738293388343,0.0446024233381624,0.0386532410031914,0.0206019666740152,60
350,False,True,False,False,False,True,False,False,False,True,False,False,False,False,False,True,False,False,False,False,False,False,False,False,False,True,False,False,False,False,False,False,False,False,True,False,True,False,False,False,False,False,False,True,False,False,True,False,False,False,False,False,False,False,99.03622889888229,6.882885023363851,161801,0.7537948357336055,0.0288765712046135,0.0486755208770751,0.0428756893703983,0.0239141760099101,70
351,False,True,False,False,False,True,False,False,False,True,False,False,False,False,False,True,False,False,False,False,False,False,False,False,False,True,False,False,False,False,False,False,False,True,False,False,True,False,False,False,False,False,False,False,True,False,True,False,False,False,False,False,False,False,98.20421020112876,7.0268953127072304,163315,0.69698950639019,0.0261083728758993,0.0414386626564205,0.0358446362083928,0.0213264125094482,30
352,False,False,False,True,True,False,False,False,False,True,False,False,False,False,False,True,False,False,False,False,False,False,False,False,False,False,False,True,False,False,False,False,False,True,False,False,True,False,False,False,False,False,False,False,False,True,False,False,False,False,False,False,False,True,84.96772137744429,7.158824592048706,128238,0.5837859159805194,0.0251907797584054,0.0454376452226981,0.0372343124492595,0.0191812064331905,85
353,False,False,False,True,True,False,False,False,False,True,False,False,False,False,False,True,False,False,False,False,False,False,False,False,True,False,False,False,False,False,False,False,False,True,False,False,True,False,False,False,False,False,False,False,False,True,True,False,False,False,False,False,False,False,74.12070831500205,6.903048099508932,126484,0.9129443224314416,0.0271170582430503,0.0553154132023179,0.0450994119355561,0.0210102688194619,65
354,False,True,False,False,False,True,False,False,False,True,False,False,False,False,False,True,False,False,False,False,False,False,False,False,False,False,False,False,False,False,False,True,False,False,False,True,False,False,False,True,False,False,False,False,False,True,True,False,False,False,False,False,False,False,99.78035543220398,6.948163766836384,137540,0.8739093398116398,0.0239112234399932,0.035318641345427,0.0319226391688362,0.0207459591346826,35
355,False,False,False,True,True,False,False,False,False,True,False,False,False,False,False,True,False,False,False,False,False,False,False,False,True,False,False,False,False,False,False,False,False,True,False,False,False,False,False,True,False,False,False,False,False,True,True,False,False,False,False,False,False,False,78.36864879006916,7.0054328704986375,124448,0.7433211151357614,0.03075331212732,0.0532734377187088,0.0468564097449679,0.0244780075095881,50
356,False,False,False,True,True,False,False,False,False,True,False,False,False,False,False,True,False,False,False,False,False,False,False,False,False,True,False,False,False,False,False,False,False,False,True,False,False,True,False,False,False,False,False,True,False,False,True,False,False,False,False,False,False,False,74.04455206049228,7.145969495523376,120545,0.7871298845266292,0.0294282643613,0.050994272451779,0.0460067257355617,0.0239765080414882,75
357,False,True,False,False,False,True,False,False,False,False,False,False,False,False,False,True,False,False,False,False,False,False,False,False,False,False,False,False,False,True,False,False,False,True,False,False,False,False,True,False,False,False,False,True,False,False,False,False,False,False,False,False,False,True,74.04455206049228,7.145969495523376,120545,0.7871298845266292,0.0294282643613,0.050994272451779,0.0460067257355617,0.0239765080414882,70
358,False,False,False,True,True,False,False,False,False,True,False,False,False,False,False,True,False,False,False,False,False,False,False,False,False,True,False,False,False,False,False,False,False,False,False,True,False,False,False,True,False,False,False,False,False,True,False,False,False,False,False,False,False,True,75.8980216787256,7.234380717988145,132143,0.6806557492708719,0.0269624310629601,0.0519825085383947,0.044319277350858,0.0214121463914784,70
359,False,False,False,True,True,False,False,True,False,False,False,False,False,False,False,True,False,False,False,False,False,False,False,False,False,True,False,False,False,False,False,False,False,True,False,False,False,False,False,False,False,True,True,False,False,False,True,False,False,False,False,False,False,False,51.00316150399224,7.591779071670447,147100,0.7215035665431535,0.0248302381652249,0.0416481857660759,0.0366544058467008,0.0191213895537638,45
360,False,False,False,True,True,False,False,False,False,True,False,False,False,False,False,True,False,False,False,False,False,False,False,False,False,True,False,False,False,False,False,False,False,False,True,False,False,False,False,False,False,True,False,False,True,False,True,False,False,False,False,False,False,False,78.33605329259846,6.787264370453196,133928,0.6400418605626049,0.027724522164833,0.0508452223481985,0.0432614918395341,0.0213000580890792,65
361,False,False,False,True,True,False,False,False,False,True,False,False,False,False,False,True,False,False,False,False,False,False,False,False,False,True,False,False,False,False,False,False,False,True,False,False,True,False,False,False,False,False,False,False,True,False,True,False,False,False,False,False,False,False,85.1233675749488,7.175905295828181,141150,0.6605739746825859,0.0265355113238711,0.0473393189580358,0.0407044569370958,0.0216239659444024,80
362,False,True,False,False,False,True,False,False,False,True,False,False,False,False,False,True,False,False,False,False,True,False,False,False,False,False,False,False,False,False,False,False,False,True,False,False,True,False,False,False,False,False,False,True,False,False,True,False,False,False,False,False,False,False,80.4430956489887,7.442018313170744,137726,0.7246895033161936,0.0320557235239774,0.0576545047031158,0.048508645999552,0.0251167468016012,80
363,False,False,False,True,True,False,False,False,False,True,False,False,False,False,False,True,False,False,False,False,False,False,True,False,False,False,False,False,False,False,False,False,False,True,False,False,True,False,False,False,False,False,False,False,True,False,True,False,False,False,False,False,False,False,82.30576504252677,7.132531742091456,138457,0.7663878814036972,0.0329889543265866,0.0608550904929873,0.0516205453374765,0.0258812437011841,70
364,False,False,False,True,True,False,False,False,False,True,False,False,False,False,False,True,False,False,False,False,False,False,False,False,False,False,False,False,False,True,False,False,False,True,False,False,True,False,False,False,False,False,False,False,True,False,True,False,False,False,False,False,False,False,77.9804092439025,6.4170683001380215,139149,0.6386861029180009,0.0233367845595028,0.0397699138811903,0.032346496983567,0.0168867315444696,60
365,False,False,False,True,True,False,False,False,False,True,False,False,False,False,False,True,False,False,False,False,False,False,False,False,False,True,False,False,False,False,False,False,False,False,False,True,False,False,False,False,True,False,False,False,True,False,True,False,False,False,False,False,False,False,75.22485175571292,6.789522705041006,113842,0.7491542608376222,0.0259748511029926,0.043981044063716,0.0368053149757845,0.0193815437697712,45
366,False,False,False,True,True,False,False,False,False,True,False,False,False,False,False,True,False,False,False,False,False,False,False,False,False,True,False,False,False,False,False,False,False,True,False,False,True,False,False,False,False,False,False,False,True,False,True,False,False,False,False,False,False,False,85.63701061889648,6.714812823439608,142486,0.6254010928585881,0.0233500164469079,0.0380627816970409,0.0305872027308865,0.0167956392948125,25
367,False,False,False,True,True,False,False,False,False,True,False,False,False,False,False,True,False,False,False,False,False,False,False,False,False,False,False,False,False,True,False,False,False,True,False,False,False,False,False,False,False,True,False,True,False,False,True,False,False,False,False,False,False,False,91.03587976079824,6.714717266981175,148793,0.65202149256426,0.0264449658464208,0.0427254363679628,0.0359565058019092,0.0211552728087119,50
368,False,True,False,False,False,True,False,False,False,True,False,False,False,False,False,True,False,False,False,False,False,False,False,False,False,False,False,False,False,False,True,False,False,True,False,False,False,False,False,False,False,True,True,False,False,False,True,False,False,False,False,False,False,False,92.04974278908914,7.426204277748664,162754,0.7670435269169392,0.0210686640911508,0.0326524707105064,0.0299324976904342,0.0181401521513955,30
369,False,False,False,True,True,False,False,False,False,True,False,False,False,False,False,True,False,False,False,False,False,False,False,False,False,True,False,False,False,False,False,False,False,True,False,False,False,False,False,False,False,True,False,True,False,False,True,False,False,False,False,False,False,False,93.12156555761314,6.941859082244617,153079,0.7231010685295812,0.0226870004689118,0.0397249692057893,0.0352960049760645,0.019239164287114,70
370,False,False,False,True,True,False,False,False,False,True,False,False,False,False,False,True,False,False,False,False,False,False,False,False,False,True,False,False,False,False,False,False,False,True,False,False,False,True,False,False,False,False,False,False,True,False,True,False,False,False,False,False,False,False,81.85360169055325,7.1894557879891465,141240,0.7104562154127811,0.0303800854189412,0.0540212033887629,0.0473819671901682,0.0244949574479997,70
371,False,False,False,True,True,False,False,False,False,True,False,False,False,False,True,False,False,False,False,False,False,False,False,False,False,True,False,False,False,False,False,False,False,True,False,False,False,False,False,False,False,True,False,False,False,True,False,False,False,True,False,False,False,False,79.48517034859263,6.536578185188259,126350,0.6915762196119966,0.0223985234525909,0.0363907522885697,0.0281268371546149,0.0152033292740964,40
372,False,False,False,True,True,False,False,False,False,True,False,False,False,False,False,True,False,False,False,False,False,False,False,False,False,False,False,False,True,False,False,False,False,False,True,False,False,False,True,False,False,False,False,False,True,False,True,False,False,False,False,False,False,False,78.9011156188811,7.05575411511404,132017,0.6663116128552558,0.0289032536883066,0.052008644249881,0.045240807228241,0.0229250650877635,60
373,False,True,False,False,False,True,False,False,False,True,False,False,False,False,False,True,False,False,False,False,False,False,False,False,False,False,False,False,True,False,False,False,False,False,False,True,False,True,False,False,False,False,False,True,False,False,True,False,False,False,False,False,False,False,81.67110601621808,6.450733816533768,143615,0.5480394397105501,0.0292769178144508,0.0545102364505473,0.0410239906147644,0.0207441001091794,55
374,False,False,False,True,True,False,False,True,False,False,False,False,False,False,False,True,False,False,False,False,False,False,False,False,False,False,False,False,True,False,False,False,False,True,False,False,False,False,False,False,False,True,False,False,True,False,True,False,False,False,False,False,False,False,63.67726975493238,7.713842264046734,158568,0.687937227345986,0.0211206074507992,0.0352846321141625,0.0320974969205789,0.0178329755256011,50
375,False,False,False,True,True,False,False,False,False,True,False,False,False,False,False,True,False,False,False,False,False,False,True,False,False,False,False,False,False,False,False,False,False,True,False,False,True,False,False,False,False,False,False,False,True,False,True,False,False,False,False,False,False,False,77.71047174421778,6.901818719424029,126460,0.642972771608159,0.025443825935724,0.0439860743680188,0.0367143320805688,0.0193151656238627,60
376,False,True,False,False,False,True,False,False,False,True,False,False,False,False,False,True,False,False,False,False,False,False,False,False,False,False,False,False,True,False,False,False,False,True,False,False,False,False,False,False,False,True,False,False,True,False,True,False,False,False,False,False,False,False,82.13028661550264,6.761284091920028,131848,0.6576576235251667,0.03225781053162,0.0514478746745611,0.0423749553833879,0.0234841943464628,55
377,False,False,False,True,True,False,False,False,False,True,False,False,False,False,False,True,False,False,False,False,False,False,False,False,False,False,False,False,True,False,False,False,False,True,False,False,False,False,False,False,False,True,False,False,True,False,True,False,False,False,False,False,False,False,92.48508849453631,6.453637972295883,130606,0.6041754318080238,0.0260152028918563,0.0442129848338512,0.0352006479031942,0.0197402263374485,60
378,False,True,False,False,False,True,False,False,False,True,False,False,False,False,False,True,False,False,False,False,False,False,False,False,False,False,False,False,False,False,True,False,False,True,False,False,False,True,False,False,False,False,False,False,True,False,True,False,False,False,False,False,False,False,88.15476603979207,6.890255024810848,132879,0.7814329560969429,0.0224459832801433,0.0370240238585145,0.0325270411662607,0.01820620223398,30
379,False,False,False,True,True,False,False,False,False,True,False,False,False,False,False,True,False,False,False,False,False,False,True,False,False,False,False,False,False,False,False,False,False,True,False,False,False,False,False,False,False,True,False,False,True,False,True,False,False,False,False,False,False,False,78.9011156188811,7.05575411511404,132017,0.6663116128552558,0.0289032536883066,0.052008644249881,0.045240807228241,0.0229250650877635,45
380,False,True,False,False,False,True,False,False,True,False,False,False,False,False,True,False,False,False,False,False,False,False,False,False,False,False,False,False,False,False,True,False,False,True,False,False,True,False,False,False,False,False,False,False,True,False,False,False,False,True,False,False,False,False,68.94102282758733,7.189751023301841,146225,0.7424360175016308,0.0205509801657288,0.0317870396615436,0.028825502680496,0.0166904403222194,25
381,False,True,False,False,False,True,False,False,False,True,False,False,False,False,False,True,False,False,False,False,False,False,False,False,False,False,False,False,False,False,True,False,False,True,False,False,False,True,False,False,False,False,False,True,False,False,False,False,True,False,False,False,False,False,90.52342687759942,7.240973361902727,175877,0.7187193497804977,0.0230207502239578,0.0367472477674197,0.0313442635284566,0.0181787542691973,30
382,False,False,False,True,True,False,False,False,False,True,False,False,False,False,False,True,False,False,False,False,False,False,False,False,False,True,False,False,False,False,False,False,False,True,False,False,True,False,False,False,False,False,False,False,True,False,True,False,False,False,False,False,False,False,87.47022445263184,7.284163933490643,154287,0.9545143930016068,0.0177399422346098,0.0248348037131519,0.0228192646657428,0.0158027283058285,70
383,False,False,False,True,True,False,False,False,False,False,False,False,False,False,False,True,False,False,False,False,False,False,False,False,False,False,False,False,False,False,True,False,False,True,False,False,False,False,False,False,False,True,True,False,False,False,False,False,False,False,True,False,False,False,90.57729007118658,6.667932089500239,154408,0.943857761764913,0.0160336848859914,0.0208271821460065,0.0190855759742168,0.0145331232415805,40
384,False,True,False,False,False,True,False,False,False,True,False,False,False,False,False,True,False,False,False,False,False,False,True,False,False,False,False,False,False,False,False,False,False,True,False,False,False,False,False,True,False,False,True,False,False,False,False,False,True,False,False,False,False,False,85.74591275018292,7.036556460498026,189348,0.9327634231486744,0.0195336284590996,0.0255913997543461,0.0238638182896615,0.017792350350634,65
385,False,True,False,False,False,True,False,False,False,True,False,False,False,False,False,True,False,False,False,False,False,False,False,False,False,True,False,False,False,False,False,False,False,True,False,False,False,False,False,False,False,True,False,False,True,False,True,False,False,False,False,False,False,False,87.88455294619268,7.26665830000784,212449,0.9399606476435572,0.0193490108234651,0.0286072858927521,0.0263713703073822,0.0173889964936591,50
386,False,True,False,False,False,True,False,False,False,True,False,False,False,False,False,True,False,False,False,False,False,False,False,False,False,False,False,False,False,False,True,False,False,True,False,False,True,False,False,False,False,False,False,True,False,False,True,False,False,False,False,False,False,False,92.963422893313,7.051479077115124,160124,0.7432350788121093,0.0232782799333725,0.0341298492133478,0.0308853029380476,0.0196675056339408,25
387,False,False,False,True,True,False,False,False,False,True,False,False,False,False,False,True,False,False,False,False,False,False,False,False,False,False,False,False,False,False,True,False,False,True,False,False,False,False,False,False,False,True,False,False,True,False,False,False,False,False,False,False,False,True,90.47873225194638,6.606980021018076,144096,0.7598201542132166,0.0164390344615212,0.024897381792223,0.0221841887475154,0.0137904698916603,30
388,False,True,False,False,False,True,False,False,False,True,False,False,False,False,True,False,False,False,False,False,False,False,False,False,False,True,False,False,False,False,False,False,False,True,False,False,False,False,False,False,False,True,False,False,True,False,True,False,False,False,False,False,False,False,85.96697971599853,7.15708726742614,157605,0.7593831436518532,0.0235915804078833,0.034832123435794,0.0314128287631925,0.0199167244058117,25
389,False,False,False,True,True,False,False,False,True,False,False,False,False,False,False,True,False,False,False,False,False,False,False,False,False,True,False,False,False,False,False,False,False,True,False,False,False,False,False,False,False,True,False,True,False,False,False,False,False,False,True,False,False,False,77.85412252344437,6.521768374161983,118081,0.7963095813296482,0.0203301935486128,0.0345386161151703,0.0259032239438985,0.012987808292041,35
390,False,True,False,False,False,True,False,False,False,True,False,False,False,False,False,True,False,False,False,False,False,False,False,False,False,False,False,False,False,False,True,False,False,True,False,False,True,False,False,False,False,False,True,False,False,False,True,False,False,False,False,False,False,False,96.17614490966456,6.987966281979425,150115,0.6110385931246352,0.0281815143752974,0.0443906858010694,0.0367293136390358,0.0217643770471151,30
391,False,False,False,True,True,False,False,False,False,True,False,False,False,False,False,True,False,False,False,False,False,False,False,False,False,True,False,False,False,False,False,False,False,True,False,False,False,False,False,False,False,True,False,False,False,True,True,False,False,False,False,False,False,False,87.78239714968791,6.979399404120152,138061,0.7315262253662909,0.0256456942344839,0.0441850994513031,0.0396542168822261,0.0214554507502589,75
392,False,False,False,True,True,False,False,False,False,True,False,False,False,False,False,True,False,False,False,False,False,False,False,False,False,True,False,False,False,False,False,False,False,False,True,False,False,False,False,False,False,True,True,False,False,False,True,False,False,False,False,False,False,False,76.83207279836031,6.624263821764934,115551,0.6523622624011185,0.026957291404216,0.0501334342893536,0.0387127844965146,0.0199286440399204,65
393,False,True,False,False,False,True,False,False,False,True,False,False,False,False,False,True,False,False,False,False,False,False,False,False,False,True,False,False,False,False,False,False,False,True,False,False,False,False,False,False,False,True,False,True,False,False,True,False,False,False,False,False,False,False,90.6327412455126,7.27579150665207,158280,0.705369585412132,0.0235769269127404,0.038577184989222,0.0343122524215447,0.0195990497536463,50
394,False,False,False,True,True,False,False,False,False,True,False,False,False,False,False,True,False,False,False,False,False,False,False,False,False,False,False,False,True,False,False,False,False,True,False,False,False,False,False,False,False,True,False,False,False,True,False,False,False,False,False,False,False,True,77.53262436548881,6.589177033957556,134324,0.6591816380245685,0.0268531859760365,0.0447577886607317,0.0374405549256739,0.0206097035007418,70
395,False,False,False,True,True,False,False,False,False,True,False,False,False,False,False,True,False,False,False,False,False,False,False,False,False,False,False,False,False,True,False,False,False,True,False,False,False,False,False,False,False,True,False,False,False,True,True,False,False,False,False,False,False,False,86.83871009487093,7.218348209764255,140938,0.6334069656586345,0.0273756814968785,0.0481350912278491,0.0426896774656364,0.0231246369432546,80
396,False,True,False,False,False,True,False,False,False,True,False,False,False,False,True,False,False,False,False,False,False,False,False,False,False,False,False,False,False,False,True,False,False,False,True,False,True,False,False,False,False,False,False,False,False,True,False,True,False,False,False,False,False,False,77.78197631954262,6.899229930649373,129229,0.7043433002250274,0.0240725212410066,0.0386001494219086,0.0324712704011645,0.017589661893564,30
397,False,False,False,True,True,False,False,False,False,True,False,False,False,True,False,False,False,False,False,False,False,False,False,True,False,False,False,False,False,False,False,False,False,True,False,False,False,False,False,False,True,False,False,False,True,False,True,False,False,False,False,False,False,False,90.27186824244971,7.288139522150402,149055,0.9388248028838676,0.022934004813345,0.0328599707629965,0.030532279462711,0.0206601158982111,85
398,False,False,False,True,True,False,False,True,False,False,False,False,False,False,False,True,False,False,False,False,False,False,False,False,False,True,False,False,False,False,False,False,False,False,True,False,True,False,False,False,False,False,False,True,False,False,False,False,False,True,False,False,False,False,68.76630203122116,7.81141982465856,288564,0.9632297165167252,0.015997843967834,0.0217452673584866,0.0208615467792055,0.0148000027557319,45
399,False,False,False,True,True,False,False,False,False,True,False,False,False,False,False,True,False,False,False,False,False,False,False,False,False,False,False,False,True,False,False,False,False,False,True,False,False,False,False,False,False,True,False,False,True,False,True,False,False,False,False,False,False,False,85.48153113001737,7.381818165500793,156021,0.9543317088902132,0.0162410209068195,0.0230936896363483,0.0210022039294112,0.014085972930839,50
400,False,False,False,True,True,False,False,False,False,True,False,False,False,False,False,True,False,False,False,False,False,False,True,False,False,False,False,False,False,False,False,False,False,True,False,False,False,False,True,False,False,False,False,True,False,False,True,False,False,False,False,False,False,False,76.63938603140437,7.962228171481917,201454,0.9575453297538308,0.0165909004419669,0.0239963558725959,0.0220101784926933,0.0148770156210632,75
401,False,False,False,True,True,False,False,False,False,True,False,False,False,False,False,True,False,False,True,False,False,False,False,False,False,False,False,False,False,False,False,False,False,True,False,False,False,False,False,False,False,True,False,False,False,True,True,False,False,False,False,False,False,False,88.17214863824366,7.294186932242492,155633,0.9496585113082504,0.0204996109168976,0.0307424860376249,0.0276841156987486,0.0180969571470563,70
402,False,True,False,False,False,True,False,False,False,True,False,False,False,False,False,True,False,False,False,False,False,False,False,False,False,False,False,False,False,False,False,False,True,True,False,False,True,False,False,False,False,False,True,False,False,False,True,False,False,False,False,False,False,False,81.42551365617403,7.3064157594609185,146620,0.9164737572016712,0.0142060441074577,0.0177844768308557,0.016774123808474,0.0131491881088855,70
403,False,True,False,False,False,True,False,False,False,True,False,False,False,False,False,True,False,False,False,False,False,False,False,False,False,False,False,False,True,False,False,False,False,True,False,False,False,False,True,False,False,False,False,False,True,False,True,False,False,False,False,False,False,False,91.85311506644004,7.467175691296877,215544,0.944395149640115,0.0270320078262786,0.0381185798007474,0.0345777923437893,0.0238433143319056,65
404,False,False,False,True,True,False,False,False,False,True,False,False,False,False,False,True,False,False,False,False,False,False,False,False,False,True,False,False,False,False,False,False,False,True,False,False,False,False,False,False,False,True,False,False,False,True,True,False,False,False,False,False,False,False,80.44717229450113,6.447777479974992,128539,0.6535564868022234,0.0253501091794742,0.045426819133003,0.0352295174757145,0.0183989941141065,75
405,False,False,False,True,True,False,False,False,False,True,False,False,False,False,False,True,False,False,False,False,False,False,False,False,False,True,False,False,False,False,False,False,False,True,False,False,False,False,False,False,False,True,False,False,True,False,True,False,False,False,False,False,False,False,75.99476216680156,7.608925901025408,135176,0.7027457212610603,0.0248819628159905,0.0478189475378628,0.0409769682049774,0.0196432289479577,65
406,False,False,False,True,True,False,False,False,False,True,False,False,False,False,True,False,False,False,False,False,False,False,False,False,False,False,False,False,True,False,False,False,False,False,True,False,False,True,False,False,False,False,True,False,False,False,True,False,False,False,False,False,False,False,83.36494538115211,7.683516747290631,146554,0.7923197383884838,0.024332675457014,0.0419752649001987,0.0380475814296912,0.0203471434870244,70
407,False,False,False,True,True,False,False,False,False,True,False,False,False,False,False,True,False,False,False,False,False,False,True,False,False,False,False,False,False,False,False,False,False,False,True,False,False,True,False,False,False,False,False,False,False,True,True,False,False,False,False,False,False,False,74.19763128081048,7.377217354454415,122015,0.7695633502638819,0.0254777258125472,0.0482030003359368,0.0409284148330113,0.0200916915119957,50
408,False,False,False,True,True,False,False,False,False,True,False,False,False,False,False,True,False,False,False,False,False,False,False,False,False,False,False,False,True,False,False,False,False,True,False,False,False,False,False,False,False,True,False,False,True,False,True,False,False,False,False,False,False,False,74.2511010584438,7.010151071318214,122816,0.665251434697489,0.0264587445060328,0.0499628413608241,0.0429824193051706,0.021066914420089,100
409,False,False,False,True,True,False,False,False,False,True,False,False,False,False,False,True,False,False,False,False,False,False,True,False,False,False,False,False,False,False,False,False,False,True,False,False,False,False,False,False,False,True,False,False,False,True,False,False,False,True,False,False,False,False,85.66077902681978,6.672276019901064,145321,0.6343064252891294,0.0286778741846532,0.048007146531452,0.0401030075095881,0.020486023627558,55
410,False,False,False,True,True,False,False,False,False,True,False,False,False,False,False,True,False,False,False,False,False,False,True,False,False,False,False,False,False,False,False,False,False,False,True,False,False,False,False,False,False,True,False,False,True,False,False,False,False,False,False,True,False,False,73.74504811301138,7.48427602480067,119913,0.8145425584481439,0.020831146244506,0.0351339416939615,0.0312983346630833,0.0173423021471963,35
411,False,True,False,False,False,True,False,False,True,False,False,False,False,False,False,True,False,False,False,False,True,False,False,False,False,False,False,False,False,False,False,False,False,False,True,False,True,False,False,False,False,False,False,True,False,False,False,False,False,False,True,False,False,False,94.05790417662244,7.108064163853538,198573,0.8610175662980927,0.0299721933526497,0.0445737451359144,0.0401393131841213,0.0236244960947341,30
412,False,False,False,True,True,False,False,False,True,False,False,False,False,False,False,True,False,False,False,False,False,False,True,False,False,False,False,False,False,False,False,False,False,True,False,False,True,False,False,False,False,False,False,False,False,True,False,False,False,False,True,False,False,False,89.98933399968381,6.728489484136075,140770,0.8363892226857349,0.0203406822015389,0.0297794467999562,0.0272463653107396,0.0177926928127525,35
413,False,True,False,False,False,True,False,False,True,False,False,False,False,False,False,True,False,False,False,False,False,False,False,False,True,False,False,False,False,False,False,False,False,True,False,False,False,False,False,False,False,True,False,True,False,False,False,False,False,False,True,False,False,False,82.97664504449314,7.06059329117973,174977,0.8370106062903091,0.022506128222894,0.0358820354273396,0.0328301716777245,0.0191311220990453,65
414,False,False,False,True,True,False,False,False,True,False,False,False,False,False,False,True,False,False,False,False,False,False,False,False,True,False,False,False,False,False,False,False,False,True,False,False,False,False,False,False,False,True,False,True,False,False,False,False,False,False,True,False,False,False,92.30130070611216,7.179914318167276,169630,0.8610186679598587,0.0261911541880126,0.0433813443072702,0.0396942406077657,0.0221058909674981,60
415,False,True,False,False,False,True,False,False,False,True,False,False,False,False,False,True,True,False,False,False,False,False,False,False,False,False,False,False,False,False,False,False,False,False,False,True,False,True,False,False,False,False,False,True,False,False,True,False,False,False,False,False,False,False,93.36448527145583,7.182347329185442,149245,0.8645510404380321,0.0190816938915483,0.0275621308194059,0.0257990091612776,0.0169334258909325,60
416,False,True,False,False,False,True,False,False,False,True,False,False,False,False,False,True,True,False,False,False,False,False,False,False,False,False,False,False,False,False,False,False,False,False,True,False,True,False,False,False,False,False,False,False,True,False,False,False,False,False,True,False,False,False,101.94045369077904,6.157024338030291,157311,0.9427174049257636,0.0247196534863945,0.0351843814300411,0.0299531656798521,0.0200402402473335,35
417,False,True,False,False,False,True,False,False,True,False,False,False,False,False,False,True,True,False,False,False,False,False,False,False,False,False,False,False,False,False,False,False,False,False,True,False,False,False,True,False,False,False,False,True,False,False,False,False,False,False,False,True,False,False,92.4508344784266,6.884509633335121,146469,0.8483879877967425,0.0190331405195823,0.0276195419011225,0.0257624847778617,0.0173193377145096,30
418,False,True,False,False,False,True,False,False,False,True,False,False,False,False,False,True,True,False,False,False,False,False,False,False,False,False,False,False,False,False,False,False,False,True,False,False,False,False,False,False,False,True,False,True,False,False,False,False,False,False,False,False,True,False,88.64625731807892,7.082942770077139,181951,0.9396978849656344,0.0201299655664735,0.0292807998971193,0.0265023495895271,0.0176571882611069,65
419,False,True,False,False,False,True,False,False,False,True,False,False,False,False,False,True,False,False,False,False,True,False,False,False,False,False,False,False,False,False,False,False,False,False,False,True,False,False,False,False,False,True,False,True,False,False,False,False,False,False,True,False,False,False,94.00403220844044,6.519701321732292,165280,0.8109684270717942,0.0232007476344447,0.0321081043013913,0.0294352630455474,0.0195087229850788,40
420,False,True,False,False,False,True,False,False,False,True,False,False,False,False,False,True,True,False,False,False,False,False,False,False,False,False,False,False,False,False,False,False,False,False,False,True,False,True,False,False,False,False,False,False,True,False,False,False,False,False,True,False,False,False,90.29859226441178,6.814255117157094,152085,0.8228143601763854,0.0206795809887741,0.0301705623092858,0.0279815051020408,0.0180101297206125,60
421,False,True,False,False,False,True,False,False,False,True,False,False,False,False,False,True,True,False,False,False,False,False,False,False,False,False,False,False,False,False,False,False,False,False,True,False,False,False,False,False,False,True,False,True,False,False,False,False,False,False,True,False,False,False,93.28145155938114,6.584071067001065,154755,0.8080067476527005,0.0233109769113406,0.0338970336076817,0.0299317322093446,0.0192117163223314,50
422,False,True,False,False,False,True,False,False,False,True,False,False,False,False,False,True,True,False,False,False,False,False,False,False,False,False,False,False,False,False,False,False,False,True,False,False,False,False,True,False,False,False,False,False,False,True,False,False,False,False,True,False,False,False,88.89993793753379,7.00197460185418,159084,0.8422058266614478,0.0241006253324375,0.0352976452926849,0.0325508804344783,0.0206349643766971,60
423,False,True,False,False,False,True,False,False,False,True,False,False,False,False,False,True,True,False,False,False,False,False,False,False,False,False,False,False,False,False,False,False,False,True,False,False,False,False,False,False,False,True,False,True,False,False,False,False,False,False,True,False,False,False,88.09257347719358,7.0787916803237865,306229,0.9211845374559956,0.0220804660598807,0.0329690518182581,0.0293358325197362,0.0179534294427647,70
424,False,True,False,False,False,True,False,False,True,False,False,False,False,False,False,True,True,False,False,False,False,False,False,False,False,False,False,False,False,False,False,False,False,False,True,False,True,False,False,False,False,False,False,True,False,False,False,False,False,False,False,False,False,True,77.22561731948608,7.292001044167116,200718,0.8619394266552527,0.0175762112972761,0.0262221014949189,0.024663691351026,0.0156709288653733,35
425,False,True,False,False,False,True,False,False,True,False,False,False,False,False,False,True,True,False,False,False,False,False,False,False,False,False,False,False,False,False,False,False,False,False,True,False,True,False,False,False,False,False,False,False,False,True,False,False,False,False,True,False,False,False,88.97864562781528,6.71592958123485,159887,0.8560645911192476,0.0222876380490467,0.0343737096175918,0.0306644069664903,0.0192402578315276,40
426,False,True,False,False,False,True,False,False,False,True,False,False,False,False,True,False,True,False,False,False,False,False,False,False,False,False,False,False,False,False,False,False,False,False,True,False,True,False,False,False,False,False,False,True,False,False,True,False,False,False,False,False,False,False,94.42503789792735,6.669850115306749,156581,0.8443962558887212,0.0237831693891548,0.0337562944416449,0.0295992947075949,0.019410522696733,30
427,False,False,False,True,True,False,False,False,False,True,False,False,False,False,False,True,False,False,False,False,False,False,False,False,False,True,False,False,False,False,False,False,False,False,False,True,True,False,False,False,False,False,False,False,False,True,False,False,False,False,False,False,True,False,100.72043593300808,6.45622002468912,146826,0.8966108445416835,0.0146545699570677,0.018361577678457,0.0169830263600538,0.0132091873718441,35
428,False,False,True,False,False,True,False,False,False,True,False,False,False,False,False,True,False,False,False,False,False,False,False,False,False,True,False,False,False,False,False,False,False,False,False,True,True,False,False,False,False,False,False,False,True,False,False,False,False,False,False,False,True,False,96.577877450573,6.700968608998968,146702,0.8777548221190773,0.0150673218633858,0.0186231457452261,0.0171553609188773,0.0137110476339228,25
429,False,False,False,True,True,False,False,False,False,True,False,False,False,False,False,True,False,False,False,False,False,False,False,False,False,True,False,False,False,False,False,False,False,False,True,False,True,False,False,False,False,False,True,False,False,False,True,False,False,False,False,False,False,False,102.06972962398682,6.146617101581464,136754,0.9072325800519604,0.0136568567377931,0.0169488598135332,0.0156002198673587,0.0128458705786236,35
430,False,True,False,False,False,True,False,False,False,True,False,False,False,False,False,True,False,False,False,False,False,False,False,False,False,True,False,False,False,False,False,False,False,True,False,False,False,False,False,False,False,True,False,False,True,False,True,False,False,False,False,False,False,False,88.48500675236555,7.50935943268126,139627,0.8824802896975277,0.0190481625656798,0.0261098746075227,0.0236585187588107,0.016772770689158,75
431,False,False,False,True,True,False,False,False,False,True,False,False,False,False,True,False,False,False,False,False,False,False,False,False,False,True,False,False,False,False,False,False,False,True,False,False,True,False,False,False,False,False,False,True,False,False,True,False,False,False,False,False,False,False,86.9672214398473,7.321743653211256,131331,0.9375406491299124,0.0144098974352813,0.0180552051294373,0.0171367132433038,0.0136248177784185,70
432,False,True,False,False,False,True,False,False,False,True,False,False,False,False,True,False,False,False,False,False,False,False,True,False,False,False,False,False,False,False,False,False,False,True,False,False,False,False,True,False,False,False,False,False,False,True,True,False,False,False,False,False,False,False,89.49545230928106,7.028818807007445,132598,0.9360718611118932,0.0163158400615148,0.020187422906254,0.0190027323225041,0.014859318931821,75
433,False,True,False,False,False,True,False,False,False,True,False,False,False,False,False,True,False,False,False,False,False,False,False,False,False,False,False,False,False,True,False,False,False,False,True,False,False,False,True,False,False,False,False,False,False,True,False,False,False,False,False,False,True,False,79.91917912882404,7.406584263482809,133794,0.7202299741838796,0.0284379505402984,0.0482260741230648,0.0426011003681307,0.0220813955726323,50
434,False,False,True,False,True,False,False,False,False,True,False,False,False,False,False,True,False,False,False,False,False,False,False,False,False,False,False,False,False,False,True,False,False,True,False,False,False,False,True,False,False,False,True,False,False,False,True,False,False,False,False,False,False,False,98.09538251273764,6.763161567465023,138648,0.8384387198162501,0.0158433808194059,0.0221970925715965,0.0205942845245093,0.0144829022143836,25
435,False,True,False,False,False,True,False,False,False,True,False,False,False,False,True,False,False,False,False,False,False,False,False,False,False,False,False,False,False,True,False,False,False,True,False,False,False,False,False,True,False,False,False,False,True,False,True,False,False,False,False,False,False,False,83.29960969871178,7.745211100713818,138785,0.7815845763707587,0.0276054351781865,0.0487944985092802,0.0421756022367794,0.0213151490019876,60
436,False,True,False,False,False,True,False,False,False,True,False,False,False,False,True,False,False,False,False,False,False,False,True,False,False,False,False,False,False,False,False,False,False,False,True,False,False,False,False,True,False,False,False,False,True,False,True,False,False,False,False,False,False,False,88.49538568575859,7.568483435942708,182620,0.8774729873245043,0.0179599360320259,0.0292747307256235,0.0267999303630917,0.0150634649435906,55
437,False,False,False,True,True,False,False,False,False,True,False,False,False,False,False,True,False,False,False,False,False,True,False,False,False,False,False,False,False,False,False,False,False,False,False,True,False,False,False,True,False,False,False,False,True,False,False,False,False,False,False,False,True,False,84.905599314715,7.082926364683837,150448,0.6573170414041548,0.0223843007367274,0.0375320456243567,0.0339478445102532,0.0189277506971227,45
438,False,True,False,False,False,True,False,False,False,False,False,False,True,False,False,True,False,False,False,False,False,False,False,False,False,False,False,False,False,False,True,False,False,True,False,False,False,True,False,False,False,False,False,True,False,False,True,False,False,False,False,False,False,False,89.42053849612216,7.074390635432327,134286,0.7517861646143641,0.0204268628747795,0.0319235140043671,0.0282705288905685,0.0165819607163853,25
439,False,False,False,True,True,False,False,False,False,True,False,False,False,False,False,True,False,False,False,False,False,False,False,False,False,False,False,False,False,False,True,False,False,True,False,False,False,False,False,False,False,True,False,False,True,False,False,False,False,False,False,False,True,False,69.78399983315818,7.909820402104248,159287,0.9516076406267951,0.0157315385644998,0.0219500608885529,0.019434799382716,0.0136799945672713,30
440,False,True,False,False,False,True,False,False,False,True,False,False,False,False,False,True,False,False,False,False,False,False,False,False,False,False,True,False,False,False,False,False,False,False,True,False,False,False,False,True,False,False,False,False,True,False,False,False,False,False,False,False,True,False,92.66628277138128,7.333716417137056,167035,0.9637301728322843,0.0253349166666666,0.0366721666666666,0.03180975,0.0206751666666666,65
441,False,False,False,True,True,False,False,False,False,True,False,False,False,False,False,True,False,False,False,False,False,False,False,False,False,False,False,False,True,False,False,False,False,True,False,False,False,False,False,False,False,True,False,True,False,False,False,False,False,False,False,False,True,False,72.89560676297741,7.512106565122654,168559,0.934273486487344,0.0160421325165868,0.0196843735565213,0.0185474701068699,0.0152314060269169,65
442,False,True,False,False,False,True,False,False,False,True,False,False,False,False,False,True,False,False,False,False,True,False,False,False,False,False,False,False,False,False,False,False,False,True,False,False,True,False,False,False,False,False,False,True,False,False,False,False,False,False,True,False,False,False,86.4003714326336,6.792917167390147,147956,0.839068196210217,0.018262847834607,0.029393489648946,0.0272001676184877,0.0152898286372162,60
443,False,True,False,False,False,True,False,False,False,True,False,False,False,False,True,False,True,False,False,False,False,False,False,False,False,False,False,False,False,False,False,False,False,True,False,False,True,False,False,False,False,False,False,False,True,False,False,False,False,False,True,False,False,False,87.30312864622495,6.736532580886146,141471,0.8377260156611859,0.0201053608171663,0.0298666663167324,0.0274969555723523,0.0171106894403852,55
444,False,False,False,True,True,False,False,False,True,False,False,False,False,False,False,True,True,False,False,False,False,False,False,False,False,False,False,False,False,False,False,False,False,False,True,False,False,False,False,False,False,True,False,True,False,False,False,False,False,True,False,False,False,False,80.6876732309733,7.627513007152897,136552,0.8611469598798601,0.0202471935276168,0.0309573675149071,0.0289424025783152,0.0190773197138937,45
445,False,True,False,False,False,True,False,False,True,False,False,False,False,False,False,True,False,False,False,False,True,False,False,False,False,False,False,False,False,False,False,False,False,False,False,True,True,False,False,False,False,False,False,True,False,False,False,False,False,False,True,False,False,False,90.86956591724554,6.393686421531517,129065,0.8317802430711299,0.0154553912614428,0.0214978802735085,0.0201601473922902,0.0139350364631449,30
446,False,True,False,False,False,True,False,False,False,True,False,False,False,False,False,True,True,False,False,False,False,False,False,False,False,False,False,False,False,False,False,False,False,False,True,False,False,True,False,False,False,False,False,False,True,False,False,False,False,False,True,False,False,False,94.8400633869113,6.772122062786458,140134,0.8185926703894778,0.0230196566795442,0.0340700323339212,0.0324332150555695,0.0207884980123736,60
447,False,True,False,False,False,True,False,False,False,True,False,False,False,False,False,True,False,False,False,False,True,False,False,False,False,False,False,False,False,False,False,False,False,True,False,False,False,False,False,False,False,True,False,True,False,False,False,False,False,False,True,False,False,False,100.50894429612173,6.230719732922923,140663,0.760978812831143,0.0206324492245457,0.0309274043979731,0.0284387160213879,0.0185307662159514,25
448,False,True,False,False,False,True,False,False,True,False,False,False,False,False,False,True,True,False,False,False,False,False,False,False,False,False,False,False,False,False,False,False,False,True,False,False,False,False,False,False,False,True,False,True,False,False,False,False,False,False,True,False,False,False,83.28416351635326,6.658013864625295,147888,0.8780435315326459,0.0189108822541362,0.0284925184065395,0.0264226575403824,0.016479714313709,45
449,False,True,False,False,False,True,False,False,False,True,False,False,False,False,False,True,True,False,False,False,False,False,False,False,False,False,False,False,False,False,False,False,False,True,False,False,False,True,False,False,False,False,False,False,True,False,False,False,False,False,True,False,False,False,92.07724113403803,6.791602529376201,128232,0.8339762893277932,0.021268235946642,0.0330217606589961,0.0315008590884913,0.0196447599101368,60
450,False,True,False,False,False,True,False,False,False,True,False,False,False,True,False,False,True,False,False,False,False,False,False,False,False,False,False,False,False,False,False,False,False,False,False,True,True,False,False,False,False,False,False,True,False,False,False,False,False,False,True,False,False,False,88.5113254581772,6.7208577194749095,126044,0.8599212439114363,0.0209293465328518,0.0319565390456594,0.0296899495394865,0.0183764670991853,70
451,False,True,False,False,False,True,False,False,False,True,False,False,False,False,False,True,False,False,False,False,False,False,False,False,False,False,False,False,True,False,False,False,False,False,False,True,False,False,False,True,False,False,False,True,False,False,False,False,False,False,False,False,True,False,79.25850015459842,6.949314750446241,146785,0.946519236216068,0.0136463680765516,0.0216187169312169,0.0202200189489376,0.0121790228437053,75
452,False,False,False,True,True,False,False,False,False,True,False,False,False,False,False,True,False,False,False,False,False,False,False,False,False,False,False,False,False,True,False,False,False,False,True,False,True,False,False,False,False,False,False,True,False,False,False,False,False,False,False,False,True,False,69.90186724987646,7.316559320185856,146401,0.9410899403127182,0.014013634967876,0.0226690936791383,0.0210938976284958,0.0125891840146552,65
453,False,True,False,False,False,True,False,False,False,True,False,False,False,False,False,True,False,False,False,False,False,False,False,False,False,True,False,False,False,False,False,False,False,True,False,False,False,False,False,False,False,True,False,False,False,True,False,False,False,False,False,False,True,False,93.30790272529694,6.816258772221978,139403,0.8569869519816232,0.0184634515570934,0.0260450457756632,0.0232571557013328,0.0163235994969883,30
454,False,False,False,True,True,False,False,False,False,True,False,False,False,False,True,False,False,False,False,False,False,False,False,False,False,True,False,False,False,False,False,False,False,True,False,False,True,False,False,False,False,False,False,False,True,False,False,False,False,False,False,True,False,False,84.26247914532634,6.313391055986513,151991,0.8919563501422848,0.0181226621571831,0.0281484785499167,0.021780735374215,0.0133350904700115,35
455,False,False,False,True,True,False,False,True,False,False,False,False,False,False,False,True,False,False,False,False,False,False,False,False,False,True,False,False,False,False,False,False,False,True,False,False,False,False,False,False,False,True,False,False,True,False,True,False,False,False,False,False,False,False,70.84573955489985,7.697456855259771,169525,0.8841157002682593,0.0113664465990644,0.0145251625977188,0.0127909287693835,0.0094984250849032,30
456,False,True,False,False,False,True,False,False,False,False,False,False,True,False,False,True,False,False,False,False,False,False,False,False,False,True,False,False,False,False,False,False,False,True,False,False,False,False,False,False,False,True,False,True,False,False,True,False,False,False,False,False,False,False,86.15556772125687,6.383481021017685,133609,0.8791055433335508,0.022074717856914,0.0325724831394976,0.0257346683567217,0.0160430082980904,35
457,False,False,False,True,True,False,False,True,False,False,False,False,False,False,False,True,False,False,False,False,False,False,False,False,False,True,False,False,False,False,False,False,False,False,False,True,True,False,False,False,False,False,False,True,False,False,False,False,True,False,False,False,False,False,68.64894120433512,6.421458238872567,122786,0.8727078818376076,0.0175772489347046,0.0253767331074586,0.0206359683374984,0.0143072726435345,40
458,False,True,False,False,False,True,False,False,False,True,False,False,False,False,False,True,False,False,False,False,False,False,False,False,False,True,False,False,False,False,False,False,False,True,False,False,False,False,False,False,False,True,False,False,False,True,True,False,False,False,False,False,False,False,86.04196108739936,6.662276759446495,122778,0.8434369378281583,0.026369565391516,0.0387667653867102,0.0331142669486095,0.0210837628556324,55
459,False,False,False,True,True,False,False,False,False,True,False,False,False,False,False,True,False,False,False,False,False,False,False,False,False,True,False,False,False,False,False,False,False,False,True,False,False,False,False,False,False,True,False,False,True,False,False,False,False,False,False,False,True,False,80.73096375148675,7.030049810539729,164347,0.8427909628404394,0.0206941641035499,0.0316191989459182,0.0279937904491862,0.0174559764673843,65
460,False,False,False,True,True,False,False,False,False,True,False,False,False,False,False,True,False,False,False,False,False,False,False,False,False,True,False,False,False,False,False,False,False,True,False,False,False,False,False,False,False,True,False,True,False,False,True,False,False,False,False,False,False,False,83.4221137333325,6.532878829591779,134173,0.8958576318982291,0.019199972166154,0.0287465808423042,0.0221191468826092,0.0140295599448929,30
461,False,False,False,True,True,False,False,False,False,True,False,False,False,False,False,True,False,False,False,False,False,False,True,False,False,False,False,False,False,False,False,False,False,True,False,False,False,False,False,False,False,True,False,True,False,False,True,False,False,False,False,False,False,False,84.76340449247358,6.827567869093368,156460,0.9206448919825844,0.0139596685510624,0.0185655135896951,0.017098742467666,0.0126865368060804,30
462,False,False,False,True,True,False,False,False,True,False,False,False,False,False,False,True,False,False,False,False,False,False,False,False,False,True,False,False,False,False,False,False,False,True,False,False,False,False,False,False,False,True,False,True,False,False,True,False,False,False,False,False,False,False,89.54681623016332,6.883801998987171,166531,0.9283634239525992,0.0175736961451247,0.0243841267216763,0.0212055211745191,0.0149532083280843,25
463,False,False,False,True,True,False,False,False,False,False,False,True,False,False,False,True,False,False,False,False,False,False,False,False,False,True,False,False,False,False,False,False,False,True,False,False,False,False,True,False,False,False,False,True,False,False,True,False,False,False,False,False,False,False,90.35847935810268,7.002211740017527,169587,0.940969452633792,0.0200942066641471,0.0269957568289661,0.0227990887713109,0.0157685277042915,25
464,False,True,False,False,False,True,False,False,False,True,False,False,False,False,False,True,False,False,False,False,False,False,False,False,False,False,False,False,False,False,True,False,False,True,False,False,True,False,False,False,False,False,False,False,True,False,True,False,False,False,False,False,False,False,103.44329169915422,6.334999380245455,183389,0.91759937606133,0.0275694575669774,0.0358597817985218,0.031698790627362,0.0233906689604854,20
465,False,False,False,True,True,False,False,False,False,True,False,False,False,False,False,True,False,False,False,False,False,False,False,False,False,False,False,False,False,False,True,False,False,True,False,False,True,False,False,False,False,False,False,False,True,False,True,False,False,False,False,False,False,False,97.90474863751258,6.419009774737884,165475,0.8688383518953641,0.0218007100602586,0.028510343180482,0.0256125598387503,0.0187310215367011,20
466,False,False,False,True,True,False,False,True,False,False,False,False,False,False,False,True,False,False,False,False,False,False,False,False,False,False,False,False,False,False,True,False,False,True,False,False,True,False,False,False,False,False,False,False,True,False,True,False,False,False,False,False,False,False,58.02635617268973,7.580440386185395,377291,0.9202548125756708,0.0174077781189636,0.0248537493701184,0.0229757508713361,0.0152330463435374,20
467,False,False,False,True,True,False,False,False,False,True,False,False,False,False,False,True,False,False,False,False,False,False,False,False,True,False,False,False,False,False,False,False,False,True,False,False,False,False,False,False,False,True,False,False,True,False,True,False,False,False,False,False,False,False,96.53893340026832,7.032170538917729,190660,0.925615604316708,0.0233130819843369,0.0320925486321071,0.027999548584866,0.0196318014088351,20
468,False,True,False,False,False,True,False,False,False,True,False,False,False,False,False,True,False,False,False,False,False,False,False,False,False,False,False,False,False,False,True,False,False,True,False,False,False,True,False,False,False,False,False,True,False,False,True,False,False,False,False,False,False,False,90.98247445584693,6.825344346254093,135687,0.8529915591274291,0.0190531797209624,0.025352733686067,0.021953915632611,0.0156540336041824,20
469,False,False,False,True,True,False,False,False,False,False,False,True,False,False,False,True,False,False,False,False,False,False,False,False,False,False,False,False,False,False,False,False,True,False,True,False,False,True,False,False,False,False,False,False,True,False,True,False,False,False,False,False,False,False,85.67867194540024,7.1971624560388126,177561,0.8529403667946875,0.0184798070462753,0.0263634147717729,0.0235771729602334,0.0154475997574955,20
470,False,False,False,True,True,False,False,False,False,True,False,False,False,False,False,True,False,False,False,False,False,False,False,False,False,False,False,False,False,False,False,False,True,True,False,False,False,False,False,False,False,True,False,True,False,False,True,False,False,False,False,False,False,False,95.4837767541314,6.80740116067626,176678,0.942979609463213,0.0222726291519694,0.0342982823916603,0.0294396645618123,0.0185673999538086,20
471,False,False,False,True,True,False,False,False,False,True,False,False,False,False,False,True,False,False,False,False,False,False,False,False,True,False,False,False,False,False,False,False,False,True,False,False,True,False,False,False,False,False,False,True,False,False,True,False,False,False,False,False,False,False,89.38691775833809,7.257627209033428,172479,0.8288318316354202,0.0206484696502057,0.0313230761054421,0.02844128585076,0.0169415181195935,25
472,False,False,False,True,True,False,False,False,False,True,False,False,False,False,False,True,False,False,False,False,False,False,False,False,False,False,False,False,False,False,True,False,False,True,False,False,False,False,False,True,False,False,False,False,False,True,True,False,False,False,False,False,False,False,97.28267164743733,6.557503828259224,148588,0.8407021091464606,0.0223365194843369,0.0316515495086923,0.0262323534737969,0.0178100657701352,20
473,False,True,False,False,False,True,False,True,False,False,False,False,False,False,False,True,False,False,False,False,False,False,False,False,False,False,False,False,False,False,True,False,False,False,False,True,True,False,False,False,False,False,False,True,False,False,True,False,False,False,False,False,False,False,84.1444282708767,7.169436591656969,209222,0.964945571971984,0.0222374443604602,0.0309371096046443,0.0275707698202737,0.0189811698213235,30
474,False,True,False,False,False,True,False,False,True,False,False,False,False,False,False,True,False,False,False,False,True,False,False,False,False,False,False,False,False,False,False,False,False,True,False,False,False,True,False,False,False,False,False,True,False,False,True,False,False,False,False,False,False,False,87.43144865171912,6.851105474578033,200312,0.939938543178764,0.0190307073832619,0.0257191804190812,0.0221290194318468,0.0157189901423532,20
475,False,True,False,False,False,True,False,False,False,True,False,False,False,False,False,True,False,False,False,False,False,False,False,False,False,False,False,False,False,False,True,False,False,True,False,False,False,True,False,False,False,False,False,True,False,False,True,False,False,False,False,False,False,False,96.61696922885012,6.567891059530627,125300,0.957966654549703,0.0230710532669858,0.0314081265222138,0.0273550681846812,0.0189437706023767,20
476,False,True,False,False,False,True,False,False,False,True,False,False,False,False,False,True,False,False,False,False,False,False,False,False,False,False,False,False,False,False,True,False,False,True,False,False,False,True,False,False,False,False,False,False,False,True,True,False,False,False,False,False,False,False,98.47565623998145,6.696797778827735,180543,0.9365627377612044,0.0254723947835306,0.0358443628222894,0.029959562914672,0.0202175584740068,25
477,False,False,True,False,True,False,False,False,False,True,False,False,False,False,False,True,False,False,False,False,False,False,False,False,True,False,False,False,False,False,False,False,False,True,False,False,True,False,False,False,False,False,False,True,False,False,True,False,False,False,False,False,False,False,83.38867914029619,6.799886749370288,172190,0.9292840669930066,0.0141049185878054,0.0197437530181825,0.017060769137902,0.0121794329228605,25
478,True,False,False,False,True,False,False,False,False,True,False,False,False,False,False,True,False,False,False,False,False,False,False,False,False,False,False,False,False,False,True,False,False,True,False,False,True,False,False,False,False,False,False,True,False,False,True,False,False,False,False,False,False,False,99.83097931808642,6.60259964516915,154847,0.9116689795046844,0.0183624423920802,0.0224497833469807,0.0196619012188208,0.0150267765285126,25
479,False,False,False,True,True,False,False,False,False,True,False,False,False,False,False,True,False,False,False,False,False,False,False,False,False,False,False,False,False,False,True,False,False,True,False,False,True,False,False,False,False,False,False,False,True,False,True,False,False,False,False,False,False,False,91.17039754682972,7.11473215509576,163736,0.9675215166334288,0.0191666076152683,0.0272268774407911,0.0236090771185017,0.0158074032081968,25
480,False,False,False,True,True,False,False,False,False,True,False,False,False,False,False,True,False,False,False,False,False,False,False,False,False,True,False,False,False,False,False,False,False,True,False,False,True,False,False,False,False,False,False,False,True,False,True,False,False,False,False,False,False,False,91.12373241313544,6.54925854371184,152009,0.9411745386793238,0.0179556438702024,0.0238992491286638,0.0207962621777105,0.0149817498372805,25
481,False,False,False,True,True,False,False,False,False,True,False,False,False,False,False,True,False,False,False,False,False,False,False,False,False,False,False,False,False,False,True,False,False,True,False,False,False,True,False,False,False,False,False,True,False,False,True,False,False,False,False,False,False,False,96.17493500473796,6.964631831533385,174997,0.937801425855493,0.0223580896478961,0.0314920287173511,0.0277531730284706,0.0187449642279751,20
482,False,True,False,False,False,True,False,False,False,True,False,False,False,False,True,False,False,False,False,False,False,False,False,False,False,False,False,False,False,False,True,False,False,True,False,False,True,False,False,False,False,False,False,True,False,False,False,False,False,True,False,False,False,False,91.0631290123639,6.67151271436034,188028,0.9291261506194264,0.0210824154121525,0.028268888573948,0.0245697285472831,0.0180281458648274,20
483,False,False,False,True,True,False,False,False,False,True,False,False,False,False,False,True,False,False,False,False,False,False,False,False,False,False,False,False,False,False,True,False,False,False,True,False,True,False,False,False,False,False,False,True,False,False,True,False,False,False,False,False,False,False,94.40414357413842,7.012484979434899,179174,0.956829212812495,0.0196754338309397,0.0262675382653061,0.0231435552616108,0.0162155959992021,20
484,False,True,False,False,False,True,False,False,False,True,False,False,False,False,False,True,False,False,False,False,False,False,False,False,False,False,False,False,False,False,True,False,False,True,False,False,False,False,False,False,False,True,False,True,False,False,True,False,False,False,False,False,False,False,97.5682152739758,6.676403962472199,195285,0.9188386183835672,0.0252707178550432,0.0353663745590828,0.0308660838949777,0.0204269448906105,20
485,False,False,False,True,True,False,False,False,False,True,False,False,False,False,False,True,False,False,False,False,False,False,False,False,False,False,False,False,False,False,True,False,False,True,False,False,False,True,False,False,False,False,False,False,True,False,True,False,False,False,False,False,False,False,97.15307514363752,6.586757190914121,167768,0.9263256770698624,0.0220165757275132,0.0305641016051482,0.0263080540858318,0.0182713228038128,20
486,False,False,False,True,True,False,False,False,False,True,False,False,False,False,False,True,False,True,False,False,False,False,False,False,False,False,False,False,False,False,False,False,False,False,True,False,False,False,False,True,False,False,False,True,False,False,True,False,False,False,False,False,False,False,90.25983549277736,6.80198565429407,167651,0.9359019053467212,0.0217877515589569,0.0341185036900562,0.0303790738903586,0.0186172655790711,50
487,False,False,False,True,True,False,False,False,True,False,False,False,False,False,False,True,False,False,False,False,False,False,False,False,False,False,False,False,False,False,True,False,False,True,False,False,True,False,False,False,False,False,False,False,True,False,True,False,False,False,False,False,False,False,91.16082173200093,6.7085580659895,149855,0.9508326692402608,0.0178860944454942,0.0246997236394557,0.0216021497333501,0.0147370966133366,20
488,False,False,False,True,True,False,False,False,False,True,False,False,False,False,False,True,False,False,False,False,False,False,False,False,False,False,False,False,False,False,True,False,False,True,False,False,True,False,False,False,False,False,False,False,True,False,True,False,False,False,False,False,False,False,98.46903573961508,6.551533749727425,186673,0.9372796518902836,0.0219059363714621,0.0302747497532963,0.0264666727030318,0.01853065686151,25
489,False,False,False,True,True,False,False,False,False,True,False,False,False,False,False,True,False,False,False,False,False,False,False,False,False,False,False,False,False,False,True,False,False,True,False,False,False,True,False,False,False,False,False,False,True,False,True,False,False,False,False,False,False,False,91.37742020030748,7.265516967408587,179450,0.9418818647883908,0.0161396493396741,0.0226312843810363,0.019890233292391,0.0138921695221298,20
490,False,False,False,True,True,False,False,False,False,False,False,False,False,False,False,True,False,False,False,False,False,False,False,False,False,False,False,False,False,False,True,False,False,True,False,False,True,False,False,False,False,False,True,False,False,False,True,False,False,False,False,False,False,False,93.90053663857238,6.737713252574263,178914,0.9468361935661758,0.0195858725434618,0.0263046094209288,0.0226159474206349,0.0164622176030906,20
491,False,True,False,False,False,True,False,False,False,True,False,False,False,False,False,True,False,False,False,False,False,False,False,False,False,False,False,False,False,False,True,False,False,True,False,False,True,False,False,False,False,False,False,True,False,False,False,False,False,False,False,False,False,True,96.99426043385483,6.627739846392399,145875,0.9506269692264908,0.0225056361279079,0.031961077254976,0.0270282350980515,0.0179298088834299,20
492,False,False,False,True,True,False,False,False,False,True,False,False,False,False,False,True,False,False,False,False,False,False,False,False,False,False,False,False,False,False,True,False,False,True,False,False,True,False,False,False,False,False,False,False,True,False,True,False,False,False,False,False,False,False,96.98106857447382,6.548445201387836,217914,0.9172697741093944,0.018347679542496,0.0238821898358108,0.021077494462291,0.0159802105641639,20
493,False,True,False,False,False,True,False,False,False,True,False,False,False,False,False,True,False,False,False,False,False,False,False,False,False,False,False,False,False,False,True,False,False,True,False,False,True,False,False,False,False,False,False,False,False,True,True,False,False,False,False,False,False,False,98.45210580018532,6.512259784147907,178443,0.9325669313938286,0.0233529416782144,0.0329520745412362,0.0297028533635676,0.0197718024323927,20
494,False,True,False,False,False,True,False,False,False,True,False,False,False,False,False,True,False,False,False,False,False,False,False,False,False,False,False,False,False,False,True,False,False,True,False,False,False,True,False,False,False,False,False,False,True,False,True,False,False,False,False,False,False,False,100.31059008545868,6.638712709794881,184208,0.946373904285572,0.0254793661291677,0.0333458325459813,0.0282622452916351,0.0200049734399932,20
495,False,False,False,True,True,False,False,False,False,True,False,False,False,False,False,True,False,False,False,False,False,False,False,False,False,False,False,False,False,False,True,False,False,True,False,False,False,False,True,False,False,False,False,False,False,True,True,False,False,False,False,False,False,False,92.4008761724255,6.614419363337676,159914,0.922578333413314,0.0183845866664567,0.0261278653050726,0.0227146944811875,0.0156239337941966,20
496,False,False,False,True,True,False,False,False,False,True,False,False,False,False,True,False,False,False,False,False,False,False,False,False,False,False,False,False,False,False,True,False,False,True,False,False,False,False,False,False,False,True,False,True,False,False,True,False,False,False,False,False,False,False,87.4645149532829,7.133525039135044,173192,0.961716540069333,0.0199017155087343,0.0268494405864197,0.0229784573937599,0.015562996031746,20
497,False,True,False,False,False,True,False,False,False,True,False,False,False,False,False,True,False,False,False,False,False,False,False,False,False,False,False,False,False,False,True,False,False,True,False,False,False,True,False,False,False,False,False,True,False,False,True,False,False,False,False,False,False,False,94.91431941962831,6.984601973354643,174244,0.9322986674554764,0.0229957627341059,0.0333943039021164,0.0296640598754934,0.018965340765936,20
498,False,False,False,True,True,False,False,False,False,True,False,False,False,False,False,True,False,False,False,False,False,False,False,False,False,False,False,False,False,False,True,False,False,True,False,False,False,True,False,False,False,False,False,False,True,False,True,False,False,False,False,False,False,False,95.70627256089446,6.759816558499182,162907,0.9553349555603676,0.0186622922703031,0.025511516334929,0.0212678532060972,0.0150569583543293,20
499,False,False,False,True,True,False,False,False,False,True,False,False,False,False,False,True,False,False,False,False,False,False,False,False,False,True,False,False,False,False,False,False,False,True,False,False,False,True,False,False,False,False,False,False,False,True,True,False,False,False,False,False,False,False,94.49699700866532,6.722281354161344,137497,0.8500065666567471,0.0202784142206265,0.0295133147780717,0.0254436892426723,0.0168819746262702,20
500,False,False,False,True,True,False,False,False,False,True,False,False,False,False,False,True,False,False,False,False,False,False,False,False,False,False,False,False,False,False,True,False,False,True,False,False,True,False,False,False,False,False,False,False,True,False,True,False,False,False,False,False,False,False,87.48984240189422,7.062337538895225,164873,0.9439638304726004,0.0171969154174015,0.0246919321355085,0.021142861079617,0.0140552990100361,20
501,False,False,False,True,True,False,False,False,True,False,False,False,False,False,False,True,False,False,False,False,False,False,False,False,False,False,False,False,False,False,True,False,False,True,False,False,True,False,False,False,False,False,False,False,False,True,True,False,False,False,False,False,False,False,90.80860827273452,7.099712395180195,168777,0.8533654526906557,0.0141182871682623,0.0217256655748719,0.0198644803214495,0.0124186731019568,25
502,False,True,False,False,False,True,False,False,True,False,False,False,False,False,False,True,False,False,False,False,False,False,False,False,False,False,False,False,False,False,True,False,False,True,False,False,True,False,False,False,False,False,False,False,True,False,True,False,False,False,False,False,False,False,91.42091434214088,6.999191679491121,174948,0.8508669829473393,0.0136923957973407,0.0208345775229677,0.0190288140100018,0.0117320861576438,25
503,False,False,False,True,True,False,False,False,False,True,False,False,False,False,True,False,False,False,False,False,False,False,False,False,False,False,False,False,False,False,True,False,False,True,False,False,False,False,False,False,False,True,False,True,False,False,True,False,False,False,False,False,False,False,90.98935435232308,6.70649883534338,170939,0.735810387870335,0.0119721789178634,0.0165385743417737,0.0148992419112706,0.010362946297346,25
504,False,False,False,True,True,False,False,False,False,True,False,False,False,False,False,True,False,False,False,False,False,False,False,False,False,False,False,False,False,False,True,False,False,True,False,False,False,True,False,False,False,False,False,True,False,False,True,False,False,False,False,False,False,False,98.0614686284602,6.660993579656825,185482,0.9234656327465536,0.0232814238735617,0.0336686468568909,0.0293195113693625,0.0197725405748719,25
505,False,True,False,False,False,True,False,False,False,True,False,False,False,False,True,False,False,False,False,False,False,False,False,False,False,True,False,False,False,False,False,False,False,True,False,False,True,False,False,False,False,False,False,True,False,False,True,False,False,False,False,False,False,False,91.19860611154915,7.200564869890274,196315,0.8979496248038973,0.020728845164609,0.0295749086671705,0.0263449612097925,0.017305832441001,25
506,False,False,False,True,True,False,False,False,True,False,False,False,False,False,False,True,False,False,False,False,False,False,False,False,False,False,False,False,False,False,True,False,False,True,False,False,True,False,False,False,False,False,False,True,False,False,True,False,False,False,False,False,False,False,72.9974567047382,7.886305022448242,300769,0.965733977940133,0.0174066298973293,0.0230763842960023,0.0205228213970773,0.0153375345122616,20
507,False,False,False,True,True,False,False,True,False,False,False,False,False,False,False,True,False,False,False,False,False,False,False,False,False,False,False,False,False,False,True,False,False,True,False,False,False,False,False,False,True,False,False,True,False,False,True,False,False,False,False,False,False,False,73.04782123544753,7.405785887449875,206593,0.9096623868039402,0.0161241483476106,0.0217090983770051,0.0200161275930125,0.0141702852051314,20
508,False,False,False,True,True,False,False,False,False,True,False,False,False,False,True,False,False,False,False,False,False,False,False,False,False,False,False,False,False,False,True,False,False,True,False,False,False,False,False,False,False,True,False,False,True,False,True,False,False,False,False,False,False,False,94.13528605831644,6.727012992418424,182065,0.937555013391862,0.0194680978101117,0.0276133360365751,0.0235512559576299,0.0160491858780549,20
509,False,True,False,False,False,True,False,False,False,True,False,False,False,False,False,True,False,False,False,False,False,False,False,False,False,False,False,False,False,False,True,False,False,True,False,False,True,False,False,False,False,False,False,True,False,False,True,False,False,False,False,False,False,False,100.27464316926084,6.554678787319467,173231,0.9303122410649914,0.0252996694433946,0.0341951064762324,0.0291587603405559,0.0205383223891408,20
510,False,False,False,True,False,False,True,False,True,False,False,False,False,False,False,True,False,False,False,False,False,False,False,False,False,False,False,False,False,False,True,False,False,True,False,False,True,False,False,False,False,False,False,False,False,True,True,False,False,False,False,False,False,False,98.82185000226912,6.522727477801095,200473,0.9259212460066756,0.0232794554936172,0.0318564250545897,0.0277953291656168,0.0194033053036029,20
511,False,False,False,True,True,False,False,False,False,True,False,False,False,False,False,True,False,False,False,False,False,False,False,False,False,False,False,False,False,False,True,False,False,True,False,False,False,True,False,False,False,False,False,True,False,False,True,False,False,False,False,False,False,False,93.86055821030948,6.636185015087634,221129,0.9342169674119332,0.0210745418923742,0.0275419002477534,0.0239604329386075,0.0174234431426891,20
512,False,False,False,True,True,False,False,False,False,True,False,False,False,False,False,True,False,False,False,False,False,False,False,False,False,True,False,False,False,False,False,False,False,True,False,False,False,True,False,False,False,False,False,True,False,False,True,False,False,False,False,False,False,False,98.4871606989569,6.684896964292339,177440,0.937678248539768,0.0218373711367262,0.0286333669270177,0.0253746319129503,0.0184522497270513,20
513,False,False,False,True,True,False,False,False,False,True,False,False,False,False,False,True,False,False,False,False,False,False,False,False,False,False,False,False,False,False,True,False,False,True,False,False,False,False,False,False,False,True,False,True,False,False,True,False,False,False,False,False,False,False,92.24407717384476,6.802626997563668,166454,0.9455171476353696,0.0189600917527504,0.0259718711944654,0.0229324465125556,0.0169957305839002,20
514,False,False,False,True,True,False,False,False,False,True,False,False,False,False,False,True,False,False,False,False,False,False,False,False,False,False,False,False,False,False,True,False,False,True,False,False,False,False,True,False,False,False,False,True,False,False,True,False,False,False,False,False,False,False,93.14280844014058,6.758446976776462,169107,0.9534356743837752,0.0157959209918535,0.0201190574609473,0.018023306930797,0.0134928344408751,20
515,False,False,False,True,True,False,False,False,False,True,False,False,False,False,False,True,False,False,False,False,False,False,False,False,False,False,False,False,False,False,True,False,False,True,False,False,True,False,False,False,False,False,False,True,False,False,True,False,False,False,False,False,False,False,103.77232432255602,6.322843721503972,169905,0.938202679252184,0.0257586300338036,0.03205752787226,0.0271940711083816,0.0197509704113126,20
516,False,True,False,False,False,True,False,False,False,True,False,False,False,False,False,True,True,False,False,False,False,False,False,False,False,False,False,False,False,False,False,False,False,True,False,False,False,True,False,False,False,False,False,False,False,True,True,False,False,False,False,False,False,False,96.87579255327414,6.211307639568366,166135,0.890484261392791,0.0214870815224237,0.0276654160892752,0.0249672592802553,0.0176535795645418,20
517,False,False,False,True,True,False,False,False,False,True,False,False,False,False,False,True,False,False,False,False,False,False,False,False,False,False,False,False,False,False,True,False,False,True,False,False,True,False,False,False,False,False,False,True,False,False,True,False,False,False,False,False,False,False,89.01324680089496,7.656337943286264,190096,0.9490880680152388,0.0200012007117661,0.0296764442659779,0.0253689728206097,0.0166567591542789,20
518,False,False,False,True,True,False,False,False,False,True,False,False,False,False,False,True,False,False,False,False,False,False,False,False,False,False,False,False,False,False,True,False,False,True,False,False,False,True,False,False,False,False,False,True,False,False,True,False,False,False,False,False,False,False,97.68162278231772,6.560699476702614,163813,0.927004913308732,0.0217808622291509,0.030967291430461,0.0277194645219198,0.0181722476799361,20
519,False,False,False,True,True,False,False,False,False,True,False,False,False,False,False,True,False,False,False,False,False,False,False,False,False,False,False,False,False,False,True,False,False,True,False,False,False,True,False,False,False,False,False,False,True,False,True,False,False,False,False,False,False,False,96.67490076533988,6.995430779575312,173698,0.9386568965295836,0.0203728964579659,0.0278314981470983,0.0232213882852523,0.0167215516607877,20
520,False,False,False,True,True,False,False,False,False,True,False,False,False,False,False,True,False,False,False,False,False,False,False,False,False,True,False,False,False,False,False,False,False,True,False,False,True,False,False,False,False,False,False,True,False,False,True,False,False,False,False,False,False,False,100.1943257054118,6.745374898041253,177184,0.9415146201769098,0.0244360427427143,0.0320918925054589,0.0281367610701688,0.0199681483318636,20
521,False,False,False,True,True,False,False,False,False,False,False,False,True,False,False,True,False,False,False,False,False,False,False,False,False,False,False,False,False,False,True,False,False,True,False,False,False,True,False,False,False,False,False,True,False,False,True,False,False,False,False,False,False,False,88.66656090776449,6.965673100823437,161565,0.9441728917303944,0.0168353896342487,0.0228594524229444,0.0197006947068951,0.0141707773001175,20
522,False,False,False,True,True,False,False,False,False,True,False,False,False,False,False,True,False,False,False,False,False,False,False,False,False,False,False,False,False,False,True,False,False,False,True,False,False,False,True,False,False,False,False,False,True,False,True,False,False,False,False,False,False,False,91.6546038878296,6.847491665385116,185454,0.9356754242217716,0.018561822877299,0.0257466557224741,0.0214973335013017,0.015093619430797,20
523,False,False,False,True,True,False,False,False,False,True,False,False,False,False,False,True,False,False,False,False,False,False,False,False,False,False,False,False,False,False,True,False,False,True,False,False,False,False,False,False,False,True,False,False,True,False,True,False,False,False,False,False,False,False,89.16166437924238,6.703956267151935,164845,0.9242239374428411,0.0183169236058621,0.0287170230746619,0.0255628582451499,0.0156655978363567,25
524,False,False,False,True,True,False,False,False,True,False,False,False,False,False,False,True,False,False,False,False,False,False,True,False,False,False,False,False,False,False,False,False,False,False,True,False,False,False,False,False,False,True,False,False,False,True,True,False,False,False,False,False,False,False,85.82933004270612,6.068212503434459,132100,0.9491161635543692,0.0146390876952632,0.0170871782354917,0.0155658665858318,0.0128381020618123,35
525,False,True,False,False,False,True,False,False,False,True,False,False,False,False,False,True,False,False,False,False,False,False,False,False,False,False,False,False,False,True,False,False,False,True,False,False,False,False,True,False,False,False,False,True,False,False,True,False,False,False,False,False,False,False,88.04493385246076,6.805119763938091,163469,0.9426210401967516,0.0196737114984882,0.0286565774071974,0.025401123026371,0.017122855121987,50
526,False,False,False,True,True,False,False,False,False,True,False,False,False,False,False,True,False,False,False,False,False,False,False,False,False,False,False,False,True,False,False,False,False,True,False,False,True,False,False,False,False,False,False,False,True,False,True,False,False,False,False,False,False,False,88.05572660500846,6.208108336278776,152166,0.9405510714886892,0.0173766941190056,0.0211080043514319,0.0193285888815402,0.0152880789661543,40
527,False,True,False,False,False,True,False,False,False,True,False,False,False,False,True,False,False,False,False,False,False,False,True,False,False,False,False,False,False,False,False,False,False,True,False,False,True,False,False,False,False,False,False,False,True,False,False,False,False,False,True,False,False,False,87.15813889592026,6.64922319058954,141316,0.954122377978424,0.0178673128201898,0.0214539471266901,0.0198423360470731,0.0159313291288737,35
528,False,False,False,True,True,False,False,False,False,True,False,False,False,False,False,True,False,False,False,False,False,False,False,False,False,False,False,False,False,True,False,False,False,True,False,False,True,False,False,False,False,False,False,True,False,False,False,False,False,False,False,False,False,True,93.6957264634422,6.855289907668211,143450,0.9439748623065284,0.0198209299151759,0.0282836514235323,0.0255586754377677,0.0172649065413202,45
529,False,True,False,False,False,True,False,False,False,True,False,False,False,False,True,False,False,False,False,False,False,False,False,False,False,False,False,False,False,True,False,False,False,True,False,False,True,False,False,False,False,False,False,True,False,False,True,False,False,False,False,False,False,False,87.03661957780714,7.174938335647187,155152,0.9523776880733584,0.0199961977460737,0.0288790043409339,0.0257984077118501,0.0173062425201562,40
530,False,False,False,True,True,False,False,False,False,True,False,False,False,False,False,True,False,False,False,False,False,False,False,False,True,False,False,False,False,False,False,False,False,True,False,False,True,False,False,False,False,False,False,False,True,False,True,False,False,False,False,False,False,False,89.0277776623528,6.825614420763454,152243,0.9421524723421996,0.0177258355116738,0.0245389726106491,0.0219384146405475,0.015059090765936,45
531,False,True,False,False,False,True,False,False,False,True,False,False,False,False,False,True,False,False,False,False,False,False,False,False,False,False,False,False,False,False,False,False,True,True,False,False,False,False,False,True,False,False,False,True,False,False,True,False,False,False,False,False,False,False,88.95295467628115,6.538168042331439,142229,0.943935816557525,0.0213066466941714,0.032602933148568,0.0301912576373141,0.0186956727135298,55
532,False,True,False,False,False,True,False,False,False,True,False,False,False,True,False,False,False,False,False,False,False,True,False,False,False,False,False,False,False,False,False,False,False,True,False,False,True,False,False,False,False,False,False,True,False,False,True,False,False,False,False,False,False,False,90.4963912702198,6.861978584841845,147592,0.9517493685866536,0.0227990067554799,0.0349881175464012,0.0322449340461493,0.0198259328808683,65
533,False,False,False,True,True,False,False,True,False,False,False,False,False,False,False,True,False,False,False,False,False,False,False,False,True,False,False,False,False,False,False,False,False,True,False,False,True,False,False,False,False,False,False,True,False,False,True,False,False,False,False,False,False,False,59.43576213758472,7.497049893074836,201648,0.9669045694196484,0.0136288987045435,0.01927249005312,0.0174478018445032,0.0120050672661039,20
534,False,False,False,True,True,False,False,False,False,True,False,False,False,False,False,True,False,False,False,False,False,False,True,False,False,False,False,False,False,False,False,False,False,True,False,False,False,False,False,False,False,True,False,True,False,False,False,False,False,False,True,False,False,False,84.34890325207887,6.431297421708432,141126,0.935159095159564,0.0155143606439489,0.0225836331832115,0.020811763169774,0.0137181319286974,45
535,False,False,False,True,True,False,False,False,True,False,False,False,False,False,False,True,False,False,False,False,False,False,False,False,False,False,False,False,False,False,False,False,True,False,True,False,True,False,False,False,False,False,False,True,False,False,True,False,False,False,False,False,False,False,81.41517260495242,6.5892395810372095,157859,0.9466543591620156,0.014876277478584,0.0216505390736541,0.0197084041950113,0.0133706308526497,40
536,False,False,False,True,True,False,False,False,False,True,False,False,False,False,False,True,False,False,True,False,False,False,False,False,False,False,False,False,False,False,False,False,False,True,False,False,False,False,False,False,False,True,False,False,False,True,True,False,False,False,False,False,False,False,84.25971530879254,6.620215847587248,133719,0.9452208791447484,0.0168030753968253,0.0241886009805156,0.0218419640232636,0.0147220877162593,40
537,False,False,False,True,True,False,False,False,False,True,False,False,False,False,False,True,False,False,False,True,False,False,False,False,False,False,False,False,False,False,False,False,False,False,False,True,False,False,False,False,False,True,False,True,False,False,True,False,False,False,False,False,False,False,88.41645322266046,6.668693512489221,120706,0.9539406382596276,0.0166073036081716,0.0246327987213403,0.0222784522759721,0.0142486923395901,55
538,False,False,False,True,True,False,False,False,False,True,False,False,False,False,False,True,False,False,False,False,False,False,False,False,False,False,False,False,False,True,False,False,False,True,False,False,True,False,False,False,False,False,False,False,True,False,True,False,False,False,False,False,False,False,81.53619497422382,6.908771925223144,158230,0.8988748356206284,0.0266988595206601,0.0484448650216259,0.0410340785619803,0.0219328375640379,60
539,False,False,False,True,True,False,False,False,False,True,False,False,False,False,False,True,False,False,False,False,False,False,False,False,True,False,False,False,False,False,False,False,False,True,False,False,False,True,False,False,False,False,False,False,True,False,True,False,False,False,False,False,False,False,100.27435672167512,6.466198873901194,157617,0.9396832365805756,0.0220218247406987,0.0311200049078273,0.0268613328819182,0.018320286254934,20
540,False,False,False,True,True,False,False,False,False,True,False,False,False,False,False,True,False,False,False,False,False,False,False,False,False,True,False,False,False,False,False,False,False,True,False,False,False,False,False,False,False,True,False,False,False,True,True,False,False,False,False,False,False,False,93.00480161035657,6.800174617779238,152605,0.9489131396882876,0.0233659821953472,0.0391126936885865,0.0351137657995296,0.0204579468747375,40
541,False,False,False,True,True,False,False,False,False,True,False,False,False,False,False,True,False,False,False,False,False,False,False,False,False,False,False,False,False,True,False,False,False,True,False,False,False,True,False,False,False,False,False,False,True,False,True,False,False,False,False,False,False,False,95.1063255214786,6.52774971610441,152837,0.953391578098532,0.0199784823265726,0.0277300445641219,0.0252263472904593,0.0180283098964894,35
542,False,False,False,True,True,False,False,False,False,True,False,False,False,False,False,True,False,False,True,False,False,False,False,False,False,False,False,False,False,False,False,False,False,True,False,False,False,True,False,False,False,False,False,True,False,False,True,False,False,False,False,False,False,False,92.16475110363984,6.820986895488575,163863,0.9456833373490816,0.0206281297241118,0.0329566674277735,0.0304537082965902,0.018851748839968,40
543,False,False,False,True,True,False,False,False,False,True,False,False,False,False,False,True,False,False,False,False,False,False,False,False,False,False,False,False,False,False,False,False,True,False,False,True,False,True,False,False,False,False,False,True,False,False,True,False,False,False,False,False,False,False,90.25037611181094,7.298024901377845,167721,0.9522599226562272,0.025370203058075,0.0430721719629209,0.0385342360323759,0.0224493732678256,85
544,False,True,False,False,False,True,False,True,False,False,False,False,False,False,False,True,False,False,False,False,False,False,False,False,False,False,False,False,False,False,True,False,False,False,True,False,False,True,False,False,False,False,True,False,False,False,False,False,False,False,False,False,True,False,61.73071118430483,7.983415861848382,298960,0.9426870834859408,0.0241922916929117,0.037102731717687,0.0332948186990845,0.0206587216290837,20
545,False,True,False,False,False,True,False,False,False,True,False,False,False,False,False,True,False,False,False,False,False,False,False,False,False,False,False,False,False,False,True,False,False,False,True,False,True,False,False,False,False,False,False,True,False,False,True,False,False,False,False,False,False,False,95.30647922411494,6.397503108097289,163560,0.93681679816587,0.0225076045078525,0.0324775309429327,0.0290128541771646,0.0189880591511295,25
546,False,False,False,True,True,False,False,False,False,False,True,False,False,False,False,True,False,False,False,False,False,False,False,False,False,False,False,False,False,False,True,False,False,False,True,False,False,True,False,False,False,False,False,True,False,False,True,False,False,False,False,False,False,False,84.33842599987945,6.896938808080352,165177,0.9590674726882132,0.0167795368533215,0.0255226704879482,0.0217531408782648,0.0142030915375409,25
547,False,True,False,False,False,True,False,False,False,True,False,False,False,False,False,True,False,False,False,False,False,False,False,False,False,False,False,False,False,False,True,False,False,True,False,False,False,False,False,False,False,True,False,False,True,False,True,False,False,False,False,False,False,False,94.3440541279987,6.776519963245846,155360,0.9522720725930128,0.0211058719398253,0.0299533297115142,0.02662274882947,0.0181554344345763,25
548,False,False,False,True,True,False,False,False,False,True,False,False,False,False,False,True,False,False,False,False,False,False,False,False,False,False,False,False,True,False,False,False,False,False,True,False,False,True,False,False,False,False,False,False,True,False,True,False,False,False,False,False,False,False,90.07284161445796,6.840418957674924,146407,0.9527592541708656,0.0166643046107331,0.0254003028680608,0.022071116255144,0.0140708820179306,25
549,False,False,False,True,True,False,False,False,False,True,False,False,False,False,False,True,False,False,False,False,False,False,False,False,False,True,False,False,False,False,False,False,False,False,True,False,True,False,False,False,False,False,False,False,False,True,False,False,True,False,False,False,False,False,85.91555602119848,7.017334362258895,170998,0.9220484708836738,0.0163493638196019,0.0229007884017804,0.0199286167013101,0.0137363394431846,35
550,False,False,False,True,True,False,False,True,False,False,False,False,False,False,False,True,False,False,False,False,False,False,False,False,False,False,False,False,False,True,False,False,False,False,False,True,True,False,False,False,False,False,False,True,False,False,False,False,False,False,False,False,True,False,56.94644421722767,7.538819503012545,208209,0.8913138856239732,0.0178943780444276,0.0305172705656336,0.0269095581905601,0.014562320877425,40
551,False,False,False,True,True,False,False,False,True,False,False,False,False,False,False,True,False,False,False,False,False,False,False,False,False,False,False,False,False,False,True,False,False,False,True,False,False,False,False,False,False,True,False,False,False,True,False,False,False,False,False,False,True,False,80.61118607449535,6.973711928458364,176520,0.9371052367758612,0.0150515453094818,0.0228236115047871,0.0197895178518938,0.012533413249559,25
552,False,False,False,True,True,False,False,False,False,True,False,False,False,False,False,True,False,False,False,False,False,False,False,False,False,False,False,False,False,False,True,False,False,False,True,False,True,False,False,False,False,False,False,False,True,False,False,False,True,False,False,False,False,False,84.19719210830183,6.768821061730498,150184,0.9478020912477204,0.0138936458070882,0.0192283655360292,0.0164816553550432,0.011366902084908,30
553,False,False,False,True,True,False,False,False,True,False,False,False,False,False,False,True,False,False,False,False,False,False,False,False,False,False,False,False,False,False,True,False,False,True,False,False,False,False,False,False,False,True,True,False,False,False,False,False,False,False,False,False,True,False,85.51442797108248,7.005052163692612,169187,0.9296184626881115,0.0146344948087259,0.0197576957094566,0.0172416140453094,0.012522997239019,25
554,False,False,False,True,True,False,False,True,False,False,False,False,False,False,False,True,False,False,False,False,False,False,False,False,False,False,False,False,False,False,True,False,False,True,False,False,False,True,False,False,False,False,False,True,False,False,False,False,False,False,False,False,True,False,47.51451917502865,7.460933281432258,180509,0.8635540005010272,0.0195717658205257,0.0329234510162089,0.028624181153943,0.0167945457503989,35
555,False,False,False,True,True,False,False,False,True,False,False,False,False,False,True,False,False,False,False,False,False,False,False,False,False,False,False,False,False,False,True,False,False,True,False,False,False,True,False,False,False,False,False,True,False,False,True,False,False,False,False,False,False,False,85.27581027517171,6.828923238602627,150424,0.9634809309377568,0.0120697777567817,0.0145350916215251,0.0129437384521709,0.0104839196481061,20
556,False,False,False,True,True,False,False,False,True,False,False,False,False,False,False,True,False,False,False,False,False,False,False,False,False,False,False,False,False,False,False,False,True,True,False,False,False,False,False,False,False,True,False,False,False,True,True,False,False,False,False,False,False,False,83.11278807935038,7.109628526191718,138799,0.8013473944159963,0.0262512991307634,0.0398241810227177,0.0334084106250524,0.0198928577989837,55
557,False,True,False,False,False,True,False,False,True,False,False,False,False,False,False,True,False,False,False,False,True,False,False,False,False,False,False,False,False,False,False,False,False,False,True,False,True,False,False,False,False,False,False,False,True,False,True,False,False,False,False,False,False,False,85.52648414025673,6.812978534141102,176189,0.8829913492977685,0.0316489250020996,0.0479077433442512,0.0424895314993281,0.0257815124506592,50
558,False,False,False,True,True,False,False,False,True,False,False,False,False,False,False,True,False,False,True,False,False,False,False,False,False,False,False,False,False,False,False,False,False,True,False,False,False,False,False,False,False,True,False,True,False,False,True,False,False,False,False,False,False,False,80.92406646464589,7.152384252996441,180200,0.8815219921700665,0.0261824058327034,0.0410560588046947,0.0362669903995548,0.0218161290364911,70
559,False,False,False,True,True,False,False,False,True,False,False,False,False,False,False,True,False,False,False,False,True,False,False,False,False,False,False,False,False,False,False,False,False,False,True,False,True,False,False,False,False,False,False,False,True,False,False,False,False,True,False,False,False,False,94.309968572606,6.235354380939411,138631,0.9429817858105836,0.0217970193478626,0.0289535567313345,0.0250199954596035,0.0175098058127572,40
560,False,True,False,False,False,True,False,False,True,False,False,False,False,False,False,True,False,False,False,False,False,False,False,False,False,False,False,False,False,False,True,False,False,True,False,False,False,True,False,False,False,False,False,True,False,False,False,False,False,True,False,False,False,False,78.65604946552774,6.920151177851863,189783,0.8403154922940377,0.0279884764476778,0.0411975361132107,0.0351084347705131,0.0221177012471655,40
561,False,False,False,True,True,False,False,False,False,False,False,False,False,False,False,True,False,False,False,False,False,False,False,False,True,False,False,False,False,False,False,False,False,False,True,False,False,False,False,True,False,False,False,True,False,False,True,False,False,False,False,False,False,False,69.07311539587187,7.41017436599663,175667,0.9040600641100835,0.0173272385728982,0.0251655735596707,0.0215266951688082,0.0142398346298395,20
562,False,True,False,False,False,True,False,False,True,False,False,False,False,False,False,True,False,False,False,False,True,False,False,False,False,False,False,False,False,False,False,False,False,False,True,False,False,False,False,False,False,True,False,True,False,False,False,False,False,True,False,False,False,False,92.48063130291284,6.719749408893,170414,0.9052649889690064,0.0375226527725287,0.056896022297808,0.0478815802941547,0.0284156148956496,45
563,False,True,False,False,False,True,False,False,False,True,False,False,False,False,False,True,False,False,False,False,False,False,False,False,False,False,False,False,False,False,False,True,False,False,False,True,False,True,False,False,False,False,False,True,False,False,True,False,False,False,False,False,False,False,79.50367693196408,7.59566256621008,155904,0.936994729292396,0.0271246036995044,0.0387782331296716,0.0356037283740656,0.0238534842949525,60
564,False,False,False,True,True,False,False,False,False,True,False,False,False,False,False,True,False,False,False,False,False,False,False,False,False,False,False,False,True,False,False,False,False,False,True,False,True,False,False,False,False,False,False,True,False,False,True,False,False,False,False,False,False,False,83.91903299518101,6.968502586928056,164522,0.9067398931533028,0.0233550740898211,0.0373356566777945,0.031357276706979,0.0183256172839506,40
565,False,False,False,True,True,False,False,False,False,True,False,False,False,False,False,True,False,False,False,False,False,False,True,False,False,False,False,False,False,False,False,False,False,True,False,False,False,False,True,False,False,False,False,True,False,False,True,False,False,False,False,False,False,False,78.86569508002395,7.54332994369425,174187,0.8967263365689103,0.0274087885540018,0.0476804774764844,0.0422087913097337,0.0226737685815066,90
566,False,False,False,True,True,False,False,False,False,True,False,False,False,False,False,True,False,False,False,False,False,False,False,False,False,True,False,False,False,False,False,False,False,True,False,False,True,False,False,False,False,False,True,False,False,False,True,False,False,False,False,False,False,False,91.17219930737043,6.578798894404004,175112,0.9383849585256112,0.0196021936938355,0.0249536446523053,0.0215832040763836,0.0161629418356848,25
567,False,False,False,True,True,False,False,False,True,False,False,False,False,False,False,True,False,False,False,False,False,False,False,False,False,True,False,False,False,False,False,False,False,True,False,False,False,False,False,False,False,True,False,True,False,False,True,False,False,False,False,False,False,False,80.69660137295806,6.952913295843977,168065,0.8896927918769479,0.0199617510970437,0.0294338414378096,0.0252159312799193,0.0159810307224741,25
568,False,True,False,False,False,True,False,False,False,True,False,False,False,False,False,True,False,False,False,False,False,False,False,False,False,False,False,False,False,False,False,True,False,False,True,False,False,False,False,False,False,True,False,False,True,False,True,False,False,False,False,False,False,False,88.52921568861657,7.314258718090711,177363,0.9396432246714466,0.0292838344828672,0.0457490046558747,0.0410677050527,0.0244236583522297,80
569,False,False,False,True,True,False,False,False,True,False,False,False,False,False,False,True,False,False,False,False,False,False,False,False,False,True,False,False,False,False,False,False,False,True,False,False,False,False,True,False,False,False,False,True,False,False,True,False,False,False,False,False,False,False,72.80626264890067,6.99290891217434,162457,0.8840723123965691,0.0211334292590492,0.030415078840178,0.0246921781830015,0.0162661177511127,25
570,False,True,False,False,False,True,False,False,False,True,False,False,False,False,False,True,False,False,False,False,False,False,False,False,False,False,False,False,False,False,True,False,False,False,True,False,True,False,False,False,False,False,False,True,False,False,True,False,False,False,False,False,False,False,81.70029943189552,7.054752900092884,177667,0.8947820695396212,0.0252145370107919,0.0370730419868564,0.0305914128768791,0.0199406730284706,20
571,False,True,False,False,False,True,False,False,False,True,False,False,False,False,False,True,False,False,False,True,False,False,False,False,False,False,False,False,False,False,False,False,False,True,False,False,False,False,False,False,False,True,False,True,False,False,True,False,False,False,False,False,False,False,96.57152837577134,7.446746263614282,154458,0.9328982202530548,0.0323137453283782,0.0444417543251868,0.0390790671978668,0.0268251639004367,55
572,False,False,False,True,True,False,False,False,False,True,False,False,False,False,False,True,False,False,False,False,False,False,False,False,False,False,False,False,False,False,True,False,False,False,True,False,False,False,False,False,False,True,False,False,True,False,True,False,False,False,False,False,False,False,94.80150885559284,6.583484763171872,159816,0.91817607428524,0.0183403801335348,0.0243308984473419,0.0199941473502981,0.0143392378170403,20
573,False,True,False,False,False,True,False,False,False,True,False,False,False,False,True,False,False,False,False,False,False,False,False,False,False,False,False,False,False,True,False,False,False,True,False,False,True,False,False,False,False,False,False,True,False,False,True,False,False,False,False,False,False,False,92.06365873662544,7.100201974961198,182487,0.899606540382808,0.0259346360071806,0.0362416475077685,0.029065836404006,0.0196712510235575,20
